game_id,name,slug,summary,storyline,category,status,first_release_date,franchises,version_title,remakes,remasters,expansions,dlcs,language_supports,rating,rating_count,aggregated_rating,aggregated_rating_count,total_rating,total_rating_count,follows,hypes,game_modes,player_perspectives,themes,genres,keywords,multiplayer_modes,screenshots,videos,websites,involved_companies,collection,parent_game,cover,game_type,created_at,like_count,is_ban
228530,Death Stranding 2: On the Beach,death-stranding-2-on-the-beach,"Embark on an inspiring mission of human connection beyond the UCA. Sam — with companions by his side — sets out on a new journey to save humanity from extinction. Join them as they traverse a world beset by otherworldly enemies, obstacles and a haunting question: should we have connected?",,,,2025-06-26 00:00:00+00,,,,,,,,93.52728299831215,77,,,92.84697483248941,83,,,,,"[1, 18, 19, 23, 38]","[5, 31]",,,,,,,,,co9ipx,,2026-04-24 05:47:25.503292+00,0,f
228525,Hades II,hades-ii,Battle beyond the Underworld using dark sorcery to take on the Titan of Time in this bewitching sequel to the award-winning rogue-like dungeon crawler.,"As the immortal Princess of the Underworld, you'll explore a bigger, deeper mythic world, vanquishing the forces of the Titan of Time with the full might of Olympus behind you, in a sweeping story that continually unfolds through your every setback and accomplishment. New locations, challenges, upgrade systems, and surprises await as you delve into the ever-shifting Underworld again and again.",,,2025-09-25 00:00:00+00,,,,,,,,89.69958959007194,119,,,91.34979479503596,123,,,,,"[1, 17]","[12, 25, 31, 32]",,,,,,,,,coaknx,,2026-04-24 05:47:25.507673+00,0,f
115289,Hollow Knight: Silksong,hollow-knight-silksong,"Hollow Knight: Silksong is the epic sequel to Hollow Knight, the epic action-adventure of bugs and heroes. As the lethal hunter Hornet, journey to all-new lands, discover new powers, battle vast hordes of bugs and beasts and uncover ancient secrets tied to your nature and your past.","Play as Hornet, princess-protector of Hallownest, and adventure through a whole new kingdom ruled by silk and song! Captured and brought to this unfamiliar world, Hornet must battle foes and solve mysteries as she ascends on a deadly pilgrimage to the kingdom’s peak.",,,2025-09-04 00:00:00+00,,,,,,,,92.60868652763182,418,,,91.05434326381591,422,,,,,"[1, 17]","[8, 31, 32]",,,,,,,,,cobebu,,2026-04-24 05:47:25.509291+00,0,f
298526,Kingdom Come: Deliverance II,kingdom-come-deliverance-ii,"A thrilling story-driven action RPG, with a rich open world, set in 15th century Medieval Europe. Experience the ultimate medieval adventure - through the eyes of young Henry - as you embark on a journey of epic proportions.","You are Henry of Skalitz – an ordinary man doing extraordinary things – caught in a gripping tale of revenge, betrayal and discovery as he embarks on an epic journey, 'from a humble blacksmith's forge to the court of Kings', as he searches for purpose in this beautiful but brutal medieval world.",,,2025-02-04 00:00:00+00,,,,,,,,92.38721799556531,184,,,92.69360899778266,188,,,,,"[1, 22, 38]","[12, 13, 31]",,,,,,,,,co8qmv,,2026-04-24 05:47:25.510873+00,0,f
140133,Enigma of Fear,enigma-of-fear,"Become Mia, a paranormal detective searching for her missing father inside the Perimeter - a place that doesn't exist. Investigate clues like a real detective and unravel the mysteries behind the Enigma of Fear, defeating the terrible monsters who'll try to stop you.","Explore the Perimeter in any way you like with an open non-linear area, where you can let your curiosity and deduction guide all your next steps as you play.",,,2024-11-28 00:00:00+00,,,,,,,,93.40816833214203,34,,,93.40816833214203,34,,,,,"[1, 19, 21]","[9, 31, 32]",,,,,,,,,co93ft,,2026-04-24 05:47:25.512272+00,0,f
325594,Split Fiction,split-fiction,"Split Fiction is a 2025 cooperative multiplayer game. It follows two writers, Mio Hudson and Zoe Foster, as they become trapped in their imaginations.","Mio and Zoe are contrasting writers – one writes sci-fi and the other writes fantasy – who become trapped in their own stories after being hooked up to a machine designed to steal their creative ideas. They’ll have to rely on each other to break free with their memories in-tact, working together to master a variety of abilities and overcome diverse challenges while jumping between sci-fi and fantasy worlds in this unexpected tale of friendship.",,,2025-03-06 00:00:00+00,,,,,,,,89.13583625317585,187,,,90.56791812658793,193,,,,,"[1, 17, 18]","[8, 9, 31]",,,,,,,,,co95gf,,2026-04-24 05:47:25.513587+00,0,f
305296,Hunter Moonstrike,hunter-moonstrike,"Hunter Moonstrike is the first survival game integrated with artificial intelligence. In this game, all npc have their own unique story and you can see the story of the game from their point of view. Talk to any person, ask any question you like, they will answer and think they are alive","The Enigma of MOON

In the chaotic aftermath of the zombie apocalypse, when hope seemed all but lost, a new threat emerged from the shadows—Moon , a ruthless and enigmatic figure who would come to dominate the forest landscape. His origins shrouded in mystery, Moon’s true identity remained a closely guarded secret, hidden behind a mask that concealed his every feature.

Amassing a formidable band of loyal followers, Moon quickly established himself as a force to be reckoned with. His modus operandi was simple yet effective: he would target the weaker camps, extorting their precious resources through a combination of intimidation and brute force. Moon’s insatiable thirst for power and control knew no bounds, and he would stop at nothing to maintain his dominance over the forest.

Hanks, the resolute leader of Camp One, was among the first to recognize the imminent danger posed by Moon . A seasoned military veteran, Hanks had honed his survival skills in the wilderness, and he understood the importance of unity and resilience in the face of such a formidable adversary. Yet, even as he harbored a deep-seated enmity towards Moon , Hanks remained uncertain about the true extent of his rival’s resources and capabilities

Moon’s true strength lay not only in his physical prowess and the loyalty of his followers but also in the veil of secrecy that shrouded his every move. He was a master of deception, always keeping his face hidden behind the mask, and his subordinates were fiercely devoted to maintaining his anonymity. This aura of mystery only served to amplify Moon’s reputation, striking fear into the hearts of those who dared to challenge his authority.

As Hanks and his camp struggled to maintain their fragile existence, the threat of Moon loomed ever larger. The conflict between the two leaders had become a battle of wits, with Hanks constantly seeking ways to outmaneuver his elusive foe. Yet, with Moon’s resources and influence growing by the day, the stakes had never been higher, and the fate of the forest – and perhaps even the remnants of humanity – hung in the balance.",,,2025-01-23 00:00:00+00,[],"",[],[],[],[],"[1021432, 1021433, 1191829]",95.14242878560721,36,,0,95.14242878560721,36,0,0,[1],[1],"[1, 19, 21, 38]","[5, 12, 31, 32]","[5, 1836, 5304, 17210, 24039, 28274, 42787, 44208, 44888]",[31777],"[""scspgt"", ""scspgs"", ""scspgz"", ""scsph0"", ""scspgv"", ""scspgw"", ""scspgx"", ""scspgy"", ""scsskm""]","[""KKw12UPAdJs""]","[""https://www.youtube.com/channel/UCgmdkjlW0OkuCwUqngXr5wQ"", ""https://twitter.com/huntermoonstrik"", ""https://www.instagram.com/hunter_moonstrike/"", ""https://www.twitch.tv/huntermoonstrike"", ""https://www.reddit.com/r/hunter_moonstirke/"", ""https://store.steampowered.com/app/3376430/Hunter_Moonstrike/""]",[270161],,,co96tr,0,2026-04-24 05:47:25.505347+00,0,f
305152,Clair Obscur: Expedition 33,clair-obscur-expedition-33,Lead the members of Expedition 33 on their quest to destroy the Paintress so that she can never paint death again. Explore a world of wonders inspired by Belle Époque France and battle unique enemies in this turn-based RPG with real-time mechanics.,"“Year by year, She erases us.”

Once a year, the Paintress wakes and paints upon her monolith. Paints her cursed number. And everyone of that age turns to smoke and fades away. Year by year, that number ticks down and more of us are erased. Tomorrow she’ll wake and paint “33.” And tomorrow we depart on our final mission - Destroy the Paintress, so she can never paint death again.

We are Expedition 33.",,,2025-04-24 00:00:00+00,,,,,,,,91.90533023471957,772,,,89.45266511735979,777,,,,,"[1, 17]","[12, 31, 32]",,,,,,,,,co9gam,,2026-04-24 05:47:25.517696+00,0,f
250634,Metal Gear Solid Delta: Snake Eater,metal-gear-solid-delta-snake-eater,"The same gripping story and engrossing world, but now with cutting-edge graphics and 3D audio, which bring the jungle to life. Get ready for the ultimate survival, stealth and action experience.","Metal Gear Solid Delta: Snake Eater is a remake of the 2004 game, Metal Gear Solid 3: Snake Eater, and it follows the story of Naked Snake, a FOX operative, in 1964 during the Cold War. His mission is to rescue a Russian scientist, sabotage a superweapon called Shagohod, and confront his former mentor, The Boss, who has defected. The game explores themes of loyalty, betrayal, and ideological conflict against the backdrop of a jungle setting.",,,2025-08-28 00:00:00+00,,,,,,,,87.67649375061436,45,,,87.33824687530718,53,,,,,[1],"[5, 24, 31]",,,,,,,,,coac1n,,2026-04-24 05:47:25.520172+00,0,f
149657,Blue Prince,blue-prince,"Welcome to Mt. Holly, where every dawn unveils a new mystery. Navigate through shifting corridors and ever-changing chambers in this genre-defying strategy puzzle adventure. But will the unpredictable path you create lead you to the rumored Room 46?",,,,2025-04-10 00:00:00+00,,,,,,,,86.88488259434799,106,,,88.84244129717399,111,,,,,[43],"[9, 15, 31, 32]",,,,,,,,,co9mzd,,2026-04-24 05:47:25.52136+00,0,f
113360,Hytale,hytale,"Hytale combines the scope of a sandbox with the depth of a roleplaying game, immersing players in a procedurally generated world where teetering towers and deep dungeons promise rich rewards throughout their adventures. Hytale supports everything from block-by-block construction to scripting and minigame creation, delivered using easy to use and powerful tools.","Ongoing Story released in chapters, starting later in Early Access",,4,2026-01-13 00:00:00+00,,,,,,,,89.6246185718638,78,,,84.8123092859319,79,,,,,"[1, 17, 33, 38]","[12, 13, 31, 32, 33]",,,,,,,,,cobc4t,,2026-04-24 05:47:25.522613+00,0,f
125633,Crimson Desert,crimson-desert,"Crimson Desert is an open-world action-adventure game set in the beautiful yet brutal continent of Pywel. Embark on a journey as the Greymane Kliff and restore what has been lost. Explore uncharted lands, fight against threats that stand in your way, and discover the wonders the world has in store.","A devastating ambush in the deep of night by their sworn enemies the Black Bears leaves members of the Greymanes dead or scattered across the continent. Kliff – having lost his Greymane comrades, his family in all but name – is determined to reunite with the survivors, rebuild the fallen Greymanes, and reclaim what was lost. But on a journey where alliances are forged, dangers abound, and mysterious factions are uncovered, Kliff will come to realize that an unprecedented threat and a destiny greater than he imagined await him.​",,,2026-03-19 00:00:00+00,,,,,,,,83.42005216105049,67,,,83.71002608052524,70,,,,,"[1, 17, 38]",[31],,,,,,,,,coaqai,,2026-04-24 05:47:25.523837+00,0,f
222341,Silent Hill 2,silent-hill-2--1,"Silent Hill 2 Remake is a ground-up reimagining of the 2001 psychological horror game. It follows James Sunderland as he searches for his deceased wife in the fog-shrouded town of Silent Hill. The remake features entirely rebuilt visuals in Unreal Engine 5, over-the-shoulder gameplay, reworked combat, and new voice acting.","Having received a letter from his deceased wife, James Sunderland heads to Silent Hill, where they shared so many memories, in the hope of seeing her one more time. There, by the lake, he finds a woman eerily similar to her… ""My name... is Maria,"" the woman smiles. Her face, her voice... She's just like her.",,,2024-10-08 00:00:00+00,,,,,,,,91.07722565859982,263,,,88.8386128292999,268,,,,,"[1, 19, 21, 31, 43]","[9, 31]",,,,,,,,,coavaf,,2026-04-24 05:47:25.537318+00,0,f
302704,Doom: The Dark Ages,doom-the-dark-ages,"DOOM: The Dark Ages is the prequel to the critically acclaimed DOOM (2016) and DOOM Eternal that tells the epic cinematic origin story of the DOOM Slayer’s rage. Players will step into the blood-stained boots of the DOOM Slayer, in this never-before-seen dark and sinister medieval war against Hell.",,,,2025-05-15 00:00:00+00,,,,,,,,84.26933241064019,126,,,85.46799953865343,132,,,,,"[1, 17, 18]",[5],,,,,,,,,co9b3o,,2026-04-24 05:47:25.53853+00,0,f
240009,Elden Ring: Shadow of the Erdtree,elden-ring-shadow-of-the-erdtree,"The Shadow of the Erdtree is a fully-fledged expansion that features an all-new story set in the Land of Shadow. It adds a whole new map with 70 new weapons, ten new shields, 39 new Talismans, 14 new sorceries, 28 new incantations, 20 new Spirit Ashes, 25 New Ashes of War, 30 new armour sets, and new consumables and craftables.",,,,2024-06-21 00:00:00+00,,,,,,,,86.39530537920973,118,,,91.69765268960487,126,,,,,"[1, 17, 38]","[12, 31]",,,,,,,,,co7sly,,2026-04-24 05:47:25.526212+00,0,f
327405,Megabonk,megabonk,"Smash your way through endless waves of enemies and grow absurdly powerful! Grab loot, level up, unlock characters and upgrade to create unique and crazy builds as you fend off hordes of creatures!",,,,2025-09-18 00:00:00+00,,,,,,,,81.9903294153165,41,,,84.99516470765825,42,,,,,"[1, 21]",[32],,,,,,,,,coagq6,,2026-04-24 05:47:25.527306+00,0,f
142415,Indiana Jones and the Great Circle,indiana-jones-and-the-great-circle,"Uncover one of history’s greatest mysteries in Indiana Jones and the Great Circle, a first-person, single-player adventure set between the events of Raiders of the Lost Ark and The Last Crusade. You’ll become the legendary archaeologist in this cinematic action-adventure game from MachineGames, the award-winning studio behind the recent Wolfenstein series, and executive produced by Hall of Fame game designer Todd Howard.","The year is 1937, sinister forces are scouring the globe for the secret to an ancient power connected to the Great Circle, and only one person can stop them - Indiana Jones.",,,2024-12-09 00:00:00+00,,,,,,,,87.62981160476123,198,,,88.87046135793616,207,,,,,"[1, 22, 23]","[9, 12, 31]",,,,,,,,,co7nbc,,2026-04-24 05:47:25.528376+00,0,f
279661,Monster Hunter Wilds,monster-hunter-wilds,"The unbridled force of nature runs wild and relentless, with environments transforming drastically from one moment to the next. This is a story of monsters and humans and their struggles to live in harmony in a world of duality.",,,,2025-02-28 00:00:00+00,,,,,,,,88.50545357441233,60,,,87.5860601205395,66,,,,,"[1, 17, 38]","[12, 25, 31]",,,,,,,,,co904o,,2026-04-24 05:47:25.529466+00,0,f
317103,Horizon Zero Dawn Remastered,horizon-zero-dawn-remastered,"Experience the critically acclaimed Horizon Zero Dawn with stunning new visuals and upgraded features. In a far future where colossal machines roam the Earth, pockets of humanity survive in unique tribes among the lush, overgrown ruins of our long-lost civilization.",,,,2024-10-31 00:00:00+00,,,,,,,,89.24458923854831,30,,,89.32229461927416,35,,,,,"[1, 18, 38]","[5, 12, 31]",,,,,,,,,co90ti,,2026-04-24 05:47:25.530451+00,0,f
279634,Dragon Ball: Sparking! Zero,dragon-ball-sparking-zero,Dragon Ball: Sparking! Zero takes the legendary gameplay of the Budokai Tenkaichi series and raises it to whole new levels. Make yours the destructive power of the strongest fighters ever to appear in Dragon Ball!,Shake the earth. Break the heavens. Make yours the destructive power of the strongest fighters ever to appear in Dragon Ball!,,,2024-10-11 00:00:00+00,,,,,,,,95.96757822193064,72,,,89.55521768239389,79,,,,,[1],[4],,,,,,,,,co8bhn,,2026-04-24 05:47:25.531516+00,0,f
325580,Ninja Gaiden: Ragebound,ninja-gaiden-ragebound,"A brand-new side-scrolling entry to the NINJA GAIDEN series from the team behind Blasphemous, NINJA GAIDEN: Ragebound redefines the classic platformer saga in a spectacular, thrilling and challenging ninja adventure.","Our story begins when Ryu Hayabusa journeys to America to honor his father's will. While he is away, the barrier between the human and the demon worlds suddenly shatters, unleashing a terrifying army upon the Hayabusa Village, which now faces an unprecedented threat in Ryu's absence.

To stand against this new threat, Kenji Mozu, a young ninja from the Hayabusa Village, rises to the challenge! Trained by Ryu, he fights fiercely but soon finds himself in desperate straits. Forced to tap into forbidden power, Kenji sets aside centuries of animosity and forms an alliance with the sinister Black Spider Clan, convinced that combining their souls and skills is the only way to protect the world out of the Demon Lord's grasp!",,,2025-07-31 00:00:00+00,,,,,,,,84.54272681573896,26,,,85.27136340786947,33,,,,,[1],"[8, 25, 31, 32, 33]",,,,,,,,,co9qrg,,2026-04-24 05:47:25.532599+00,0,f
125642,Path of Exile 2,path-of-exile-2,"Path of Exile 2 is a next generation Action RPG created by Grinding Gear Games. Set years after the original Path of Exile, you will return to the dark world of Wraeclast and seek to end the corruption that is spreading. Path of Exile 2 is a free-to-play online multiplayer game with co-op for up to six players.","20 years have passed.

Since the death of Kitava, society has been slowly rebuilding. Ambitious men rise to fill the void and their thirst for power is once again corrupting Wraeclast.",,4,2024-12-06 00:00:00+00,,,,,,,,88.36322424304916,181,,,88.36322424304916,181,,,,,"[1, 17]","[12, 25, 31]",,,,,,,,,co8ae0,,2026-04-24 05:47:25.533676+00,0,f
240556,Deep Rock Galactic: Survivor,deep-rock-galactic-survivor,"Deep Rock Galactic: Survivor is a single player survivor-like auto-shooter. Wield the full arsenal of Deep Rock Galactic, take on hordes of lethal aliens, mine riches, and unlock powerful upgrades. It's one dwarf against all of Planet Hoxxes!",,,,2025-09-17 00:00:00+00,,,,,,,,78.35337139421654,42,,,84.17668569710827,43,,,,,"[1, 18, 21]",[5],,,,,,,,,co68ah,,2026-04-24 05:47:25.534811+00,0,f
235846,Halls of Torment,halls-of-torment,"Slay hordes of terrifying monsters in this casual roguelite action rpg. Descend into the Halls of Torment where the lords of the underworld await you. Treasures, magic trinkets, and a growing cast of heroes will grant you the power to vanquish the horrors from beyond. How long can you survive?",,,,2024-08-26 00:00:00+00,,,,,,,,89.21112087631536,43,,,89.60556043815768,45,,,,,[1],"[12, 32]",,,,,,,,,co65yp,,2026-04-24 05:47:25.535899+00,0,f
136879,Black Myth: Wukong,black-myth-wukong,"Black Myth: Wukong is an action RPG rooted in Chinese mythology. The story is based on Journey to the West, one of the Four Great Classical Novels of Chinese literature. You shall set out as the Destined One to venture into the challenges and marvels ahead, to uncover the obscured truth beneath the veil of a glorious legend from the past.",,,,2024-08-20 00:00:00+00,,,,,,,,89.34676261071631,209,,,88.67338130535816,213,,,,,"[1, 17]","[12, 25, 31]",,,,,,,,,co8h3y,,2026-04-24 05:47:25.541986+00,0,f
250621,Neva,neva,"Neva is an action-adventure game developed by Nomada Studio and published by Devolver Digital.
The gameplay combines side-scrolling platforming with environmental puzzles and combat.
Neva has been praised for its stunning art style, emotional storytelling, and refined gameplay mechanics, building upon the foundation laid by GRIS.","Neva chronicles the story of Alba, a young woman bound to a curious wolf cub following a traumatic encounter with dark forces. Together, they embark on a perilous journey through a once-beautiful world as it slowly decays around them. Their relationship evolves as they learn to work together, helping one another to brave increasingly dangerous situations. The wolf grows from a rebellious cub to an imposing adult while seeking to forge her own identity, testing Alba’s love and their commitment to one another. As the cursed world threatens to overwhelm them, Alba and her courageous companion will do whatever it takes to survive and make a new home, together.",,,2024-10-15 00:00:00+00,,,,,,,,83.1262769903112,51,,,87.8131384951556,53,,,,,"[1, 17, 31]","[8, 9, 31, 32]",,,,,,,,,co8x5c,,2026-04-24 05:47:25.543041+00,0,f
314265,Reanimal,reanimal,"The creators of Little Nightmares I & II have returned to take you on a darker, more terrifying journey than ever before. In this horror adventure game, a brother & sister go through hell to rescue their missing friends and escape the island that they used to call home.",,,,2026-02-13 00:00:00+00,,,,,,,,80.84720251602718,54,,,81.09026792468026,57,,,,,"[1, 19]","[9, 31]",,,,,,,,,coaveu,,2026-04-24 05:47:25.544084+00,0,f
314246,Borderlands 4,borderlands-4,"See if you have what it takes to go down in history as a legendary Vault Hunter as you search for secret alien treasure, blasting everything in sight.",,,,2025-09-11 00:00:00+00,,,,,,,,79.32751846645863,50,,,82.91375923322931,54,,,,,"[1, 18]","[5, 12, 31]",,,,,,,,,co9zuq,,2026-04-24 05:47:25.545191+00,0,f
171233,Deltarune,deltarune,Dive into the parallel story to UNDERTALE! Fight or spare your way through action-packed battles as you explore a mysterious world alongside an endearing cast of new and familiar characters.,"Kris and their classmate Susie fall into an unknown place called the ""Dark World"" where they meet Ralsei, who informs them that they are prophesied, in the legend of Delta Rune, to be heroes that save the world.

Deltarune's full game will consist of seven chapters, each where Kris, Susie, and Ralsei either fight or act their way through Dark Worlds. Kris, being the only one who can seal the ""Dark Fountain"", is the party leader. They can command the other party members in battles, though some commands would seem forced to others. The SOUL, a heart-shaped object, is controlled by the player and is in Kris's body, leaving Kris's actions mostly up to the player.",,,2025-06-04 00:00:00+00,,,,,,,,83.98996209507942,72,,,83.98996209507942,72,,,,,"[1, 27, 31, 43]","[7, 9, 12, 16, 31, 32]",,,,,,,,,co9m71,,2026-04-24 05:47:25.546277+00,0,f
298915,Arena Breakout: Infinite,arena-breakout-infinite,"Arena Breakout: Infinite is an ultra-real immersive military simulation. Join a fight to shoot, loot, and raid your path to fortune.",,,,2025-09-15 00:00:00+00,,,,,,,,82.09947919177067,138,,,82.09947919177067,138,,,,,"[1, 21, 39]","[5, 15, 24]",,,,,,,,,cobv38,,2026-04-24 05:47:25.547381+00,0,f
219126,Abiotic Factor,abiotic-factor,"Abiotic Factor is a survival crafting experience for 1-6 players set in the depths of an underground research facility. Caught between paranormal containment failure, a military crusade, and chaos from a dozen realms, the world’s greatest minds must survive against the universe’s biggest threats.","Home to the world's greatest minds, GATE operates a global network of secretive research laboratories, spanning every field of scientific study - and the realms beyond.

As a GATE employee you extend the bounds of human knowledge, and seek to explain the unexplainable - including anomalies and paranormal entities: from gravity-distorting artifacts to supernatural creatures with an unbridled instinct for violence. Safety, security, and secrecy are of the utmost importance… usually.

After a catastrophic containment breach, your workplace has become a cosmic battle zone: anomalous entities are on the loose, enemies from other dimensions are invading via portals, and an arcane military sect - known as The Order - is targeting personnel and entities indiscriminately, aiming to seize artifacts and put an end to the chaos.

Containment procedures have failed and help isn’t on the way. Stranded miles beneath the surface, it’s up to you and your fellow scientists to band together, plan your escape, and make this underground complex your new home - for now.",,,2025-07-22 00:00:00+00,,,,,,,,71.1860002449086,39,,,81.5930001224543,40,,,,,"[1, 18, 21, 33]","[5, 12, 13, 31, 32]",,,,,,,,,co85d2,,2026-04-24 05:47:25.554489+00,0,f
201020,Mini Royale,mini-royale,"In Mini Royale, up to 50 toy soldiers fight for victory. The game is played in a children's bedroom, from a rather unusual perspective, full of exciting things to discover, and lots of weapons and equipment that will help you set yourself apart from other players.","It was a dark and stormy night. The wind howled and the rain lashed against the windows. Inside, the 50 toy soldiers prepared for battle. They knew that only one could emerge victorious from the Mini Royale.

The battle was fierce. Bullets flew and explosions rang out. The ground was soon littered with fallen soldiers. As the numbers dwindled, the fighting became more desparate. The survivors knew that there could only be one winner.

Finally, there were only two soldiers left standing. They faced each other across the bedroom field, both exhausted but still determinded to win.

All you could hear is the sound of a rifle - and is was quiet. The battle was over.",,4,2025-03-27 00:00:00+00,,,,,,,,83.78905899984731,48,,,83.78905899984731,48,,,,,"[1, 39]","[5, 31, 32]",,,,,,,,,co4qyc,,2026-04-24 05:47:25.549994+00,0,f
279614,The Rise of the Golden Idol,the-rise-of-the-golden-idol,"The Award-winning detective saga returns. Uncover the truth behind 20 strange cases of crime, death and depravity in the 1970s. The world has changed dramatically - the sins of humanity have not.","The Idol rises... 300 years later.

Three centuries following the unspeakable fate of the Cloudsleys, the legend of the Golden Idol has all but faded. Now it is carried only in small whispers, uttered as an obscene myth.

Some are determined for this to change.",,,2024-11-12 00:00:00+00,,,,,,,,82.0474543188511,26,,,85.32372715942554,31,,,,,"[20, 43]","[2, 9, 31, 32]",,,,,,,,,co7h9f,,2026-04-24 05:47:25.552225+00,0,f
277143,The Last of Us Part II Remastered,the-last-of-us-part-ii-remastered,Experience the winner of over 300 Game of the Year awards now with an array of technical enhancements that make The Last of Us Part Il Remastered the definitive way to play Ellie and Abby's critically acclaimed story.,"Five years after their dangerous journey across the post-pandemic United States, Ellie and Joel have settled down in Jackson, Wyoming. Living amongst a thriving community of survivors has allowed them peace and stability, despite the constant threat of the infected and other, more desperate survivors. When a violent event disrupts that peace, Ellie embarks on a relentless journey to carry out justice and find closure. As she hunts those responsible one by one, she is confronted with the devastating physical and emotional repercussions of her actions.",,,2024-01-19 00:00:00+00,,,,,,,,92.17423939379286,163,,,89.71211969689642,171,,,,,"[1, 19, 21, 23]","[5, 31]",,,,,,,,,coa1gr,,2026-04-24 05:47:25.553392+00,0,f
325591,Elden Ring Nightreign,elden-ring-nightreign,"Elden Ring: Nightreign is a standalone adventure within the ELDEN RING universe, crafted to offer players a new gaming experience by reimagining the game’s core design.",,,,2025-05-30 00:00:00+00,,,,,,,,79.25092137141314,86,,,82.25046068570657,90,,,,,"[1, 17, 21, 38]","[12, 25]",,,,,,,,,co95gk,,2026-04-24 05:47:25.555617+00,0,f
152246,The Outer Worlds 2,the-outer-worlds-2,The Outer Worlds 2 is the sequel to the award-winning first-person sci-fi RPG from Obsidian Entertainment.,"As a daring and most likely good-looking Earth Directorate agent, you must uncover the source of devastating rifts threatening to destroy all of humanity. Your investigation leads to Arcadia, home of skip drive technology, where the fate of the colony, and ultimately the entire galaxy, rests on your decisions—your strengths, your flaws, your crew, and the factions you choose to trust.",,,2025-10-29 00:00:00+00,,,,,,,,69.28923942935093,38,,,76.26961971467546,42,,,,,"[1, 18]","[12, 31]",,,,,,,,,co9xx4,,2026-04-24 05:47:25.592798+00,0,f
349524,Peak,peak--1,"Peak is an online co-op climbing game where the slightest mistake can spell your doom. As a group of lost nature scouts, your only hope of rescue from a mysterious island is to scale the mountain at its center. Do you have what it takes to reach the PEAK?",,,,2025-06-16 00:00:00+00,,,,,,,,77.53168429134045,113,,,81.76584214567023,114,,,,,"[1, 38]","[8, 31, 32]",,,,,,,,,coat49,,2026-04-24 05:47:25.557712+00,0,f
251833,Balatro,balatro,"Balatro is a deck-building roguelite in which players construct poker hands to earn chips and overcome enemy blinds. The game features mechanics for enhancing a deck of playing cards, purchasing Jokers that modify hand effects, and discovering synergies to progress through increasingly challenging encounters.",,,,2024-02-20 00:00:00+00,,,,,,,,85.67507385776318,338,,,88.4375369288816,343,,,,,,"[15, 16, 32, 35]",,,,,,,,,co9f4g,,2026-04-24 05:47:25.558879+00,0,f
264410,Mouthwashing,mouthwashing,"The five crew members of The Tulpar are stranded in the empty reaches of space, shrouded in perpetual sunset. God is not watching.","A narrative driven first-person horror game following the dying crew of a shipwrecked space freighter.

Who could have known what good ol’ Captain Curly was capable of? Guess he thought his crew dying alongside him was only right. But some men can’t even kill themselves properly. Maimed, limbless and unable to speak, but alive, Curly is now at the mercy of the crew he has doomed to a slow death.

The Pony Express long-haul galactic freighter Tulpar is stranded within an uncharted region of space. Emergency life support systems saved the Captain and crew of four. The ship will run out of power within six months, food rations long before that. Adriftfar off their shipment route, they know the chance of rescue nears zero. Opening the cargo hold is strictly prohibited by the company, but the contents could mean a prolonged chance of survival.

In the space freighter industry, there’s a saying:
“Hope to die, or for goodness sake, pray that everyone else did.”",,,2024-09-26 00:00:00+00,,,,,,,,82.99592388639608,99,,,84.99796194319805,100,,,,,[19],"[31, 32]",,,,,,,,,co70oi,,2026-04-24 05:47:25.560877+00,0,f
252647,Persona 3 Reload,persona-3-reload,"Step into the shoes of a transfer student thrust into an unexpected fate when entering the hour ""hidden"" between one day and the next. Awaken an incredible power and chase the mysteries of the Dark Hour, fight for your friends, and leave a mark on their memories forever.

Persona 3 Reload is a captivating reimagining of the genre-defining RPG, reborn for the modern era.","Life doesn't always go as planned, and you—as the protagonist—transfer into Gekkoukan High School, located at the center of the man-made Tatsumi Port Island only for a terrifying creature to attack your dorm.

In the midst of chaos, you awaken to your Persona—a powerful force that can be used to fight back.

A group of others who share this power recruit you into their Specialized Extracurricular Excecution Squad (S.E.E.S.), and so begins your journey to uncover the mysteries behind these incidents...",,,2024-02-02 00:00:00+00,,,,,,,,88.35538633569547,104,,,88.49019316784774,112,,,,,"[1, 17, 18, 31]","[12, 31]",,,,,,,,,co6z12,,2026-04-24 05:47:25.561864+00,0,f
317407,Battlefield 6,battlefield-6,"The ultimate all-out warfare experience. In a war of tanks, fighter jets, and massive combat arsenals, your squad is the deadliest weapon.","The story of Battlefield 6 is set in 2027, where the collapse of NATO has led to the rise of a powerful private military corporation called Pax Armata. Players join the elite U.S. Marine Raiders unit, Dagger 1-3, as they fight against Pax Armata forces to prevent a new global conflict. The campaign spans multiple locations, uncovering a conspiracy while battling the corporation's destabilizing influence on the world.",,,2025-10-10 00:00:00+00,,,,,,,,73.32116757485682,156,,,79.49391712076175,159,,,,,"[1, 39]",[5],,,,,,,,,coa5zt,,2026-04-24 05:47:25.562831+00,0,f
328373,Schedule I,schedule-i,"From small-time dope pusher to kingpin - manufacture and distribute a range of drugs throughout the grungy city of Hyland Point. Expand your empire with properties, businesses, employees and more.",,,4,2025-03-24 00:00:00+00,,,,,,,,78.8734085861404,107,,,78.8734085861404,107,,,,,"[1, 38]","[13, 15, 32]",,,,,,,,,co9adi,,2026-04-24 05:47:25.593887+00,0,f
250620,Sword of the Sea,sword-of-the-sea,"Sword of the Sea is an action-adventure game developed by Giant Squid, the studio behind Abzû and The Pathless.

Set in a vast desert landscape, players control a character known as the Wraith, exploring ruins and uncovering a lost world. Movement is centered on the ""Hoversword,"" a tool that combines surfing, skateboarding, and snowboarding mechanics. The game emphasizes fluid traversal, atmospheric exploration, and light puzzle-solving.","In a world where the terrain flows in waves, ride the Hoversword to speed over shifting seas of sand. It controls like a snowboard, skateboard, and hoverboard all in one. Build momentum to achieve great speeds and catch big air as you explore skatepark-like ruins, lost in the tides of the Necropolis of the Gods. The Hoversword embodies the feel of snowboarding and skating games, but in an entirely new context of adventure.

You are the Wraith – resurrected in a desolate world and tasked with restoring life to it as you explore submerged ruins and the vibrant, varied cultures within. Surf through sinking tombs, mysterious shipwrecks, and petrified battlefields – and bring giant shoals of fish and creatures back in the process. But beware- this land is also home to massive leviathans that will stand in your way.",,,2025-08-19 00:00:00+00,,,,,,,,76.08997759561355,35,,,80.04498879780678,37,,,,,[17],"[31, 32]",,,,,,,,,co9xx2,,2026-04-24 05:47:25.565007+00,0,f
79864,The Talos Principle II,the-talos-principle-ii,The Talos Principle II is a thought-provoking first-person puzzle experience that greatly expands on the first game's philosophical themes and stunning environments with increasingly mind-bending challenges.,,,,2023-11-02 00:00:00+00,,,,,,,,87.4289680348823,51,,,88.7978173507745,57,,,,,"[1, 18]","[9, 31, 32]",,,,,,,,,co6jbl,,2026-04-24 05:47:25.567004+00,0,f
214394,Dune: Awakening,dune-awakening,"Dune: Awakening is an Open World Survival RPG where you can fully immerse yourself in the epic world of Dune. Alone or with friends, explore a vast open world Arrakis, survive the sandworms, build a home, craft an ornithopter, and unravel the mystery of the missing Fremen.",,,,2025-06-10 00:00:00+00,,,,,,,,71.89555804343685,54,,,80.44777902171842,58,,,,,"[1, 18, 38]","[12, 31]",,,,,,,,,cobf3a,,2026-04-24 05:47:25.567993+00,0,f
262538,Thank Goodness You're Here!,thank-goodness-youre-here,"Thank Goodness You're Here! is an absurd comedy slapformer set in the bizarre Northern English town of Barnsworth. As a traveling salesman, take the time to see the sights and meet the locals, who are very eager to give you a series of increasingly odd jobs…",,,,2024-08-01 00:00:00+00,,,,,,,,79.16753465100253,59,,,84.58376732550127,62,,,,,[27],"[8, 9, 31, 32]",,,,,,,,,co6yyq,,2026-04-24 05:47:25.569117+00,0,f
346035,Ball x Pit,ball-x-pit,"BALL x PIT is a brick-breaking, ball-fusing, base-building survival roguelite where you battle hordes of monstrous enemies with your arsenal of ricocheting balls.",,,,2025-10-15 00:00:00+00,,,,,,,,73.88024510602517,45,,,78.69012255301259,49,,,,,"[1, 21]","[5, 32, 33]",,,,,,,,,co9xid,,2026-04-24 05:47:25.570334+00,0,f
90558,Satisfactory,satisfactory,"Satisfactory is an FPS open-world factory building sim. You play as an engineer on an alien planet tasked to complete ‘Project Assembly’ - a massive machine for a mysterious purpose. Conquer nature, build multi-story factories, and automate to satisfaction!",,,,2024-09-10 00:00:00+00,,,,,,,,72.51099009211705,197,,,83.75549504605853,199,,,,,"[18, 33, 38]","[13, 15, 31, 32]",,,,,,,,,co8tfy,,2026-04-24 05:47:25.57148+00,0,f
252826,South of Midnight,south-of-midnight,South of Midnight is a new action-adventure from Compulsion Games. Explore the mythos and confront mysterious creatures of the Deep South in this modern folktale while learning to weave an ancient power to surmount obstacles and face the pain haunting your hometown.,"A DARK MODERN FOLKTALE

When a hurricane rips through Prospero, Hazel is pulled into a Southern Gothic world where reality and fantasy are interwoven, and ancient creatures from folklore emerge. In this coming-of-age adventure, Hazel journeys forth to rescue her mother and delves into a haunting web of folklore and family secrets, untangling her own identity.",,,2025-04-08 00:00:00+00,,,,,,,,76.0675825725173,64,,,80.90879128625865,68,,,,,"[1, 17]","[8, 31]",,,,,,,,,co8bot,,2026-04-24 05:47:25.572553+00,0,f
222343,Silent Hill f,silent-hill-f,"Silent Hill f is a survival horror game published by Konami as part of the Silent Hill series.
It is set in rural Japan during the 1960s, marking a departure from the franchise’s traditional Western settings. The story is written by Ryukishi07 and focuses on psychological horror, social pressure, and transformation.","In 1960s Japan, Shimizu Hinako's secluded town of Ebisugaoka is consumed by a sudden fog, transforming her home into a haunting nightmare.

As the town falls silent and the fog thickens, Hinako must navigate the twisted paths of Ebisugaoka, solving complex puzzles and confronting grotesque monsters to survive.",,,2025-09-25 00:00:00+00,,,,,,,,70.56964138617653,101,,,78.48482069308827,106,,,,,"[1, 19]","[9, 31]",,,,,,,,,co9wy4,,2026-04-24 05:47:25.57483+00,0,f
314276,Mafia: The Old Country,mafia-the-old-country,Mafia: The Old Country is an action-adventure game part of the Mafia series. It is a prequel to the first Mafia game. The game lets players descend into Sicily's criminal underworld during the 1900s.,"Uncover the origins of organized crime in Mafia: The Old Country, a gritty mob story set in the brutal underworld of 1900s Sicily. Fight to survive as Enzo Favara and prove your worth to the Cosa Nostra in this immersive third-person action-adventure set during a dangerous, unforgiving era.

Enzo will do anything for a better life. After a brutal childhood of forced labor, he's ready to risk everything to become a man of honor in the Torrisi crime family.",,,2025-08-07 00:00:00+00,,,,,,,,79.87819489285216,79,,,78.85576411309275,85,,,,,[1],"[5, 31]",,,,,,,,,coa9dq,,2026-04-24 05:47:25.576884+00,0,f
255777,MiSide,miside,"MiSide is an adventure game with horror elements, telling the story of a simple guy who, for mystical reasons, finds himself in a mobile simulation. Appearing in the house he has just observed on his smartphone screen, the hero becomes confused. The stunned guy follows the instructions of a certain device he discovered in the bedroom. A few moments later, he is greeted by a pretty girl, whose image is also familiar to the young man from this mobile game.",,,,2024-12-10 00:00:00+00,,,,,,,,81.87495830071234,132,,,81.87495830071234,132,,,,,"[19, 20, 43, 44]","[31, 32]",,,,,,,,,co7e6i,,2026-04-24 05:47:25.577851+00,0,f
320137,Cronos: The New Dawn,cronos-the-new-dawn,"Cronos: The New Dawn is a pulse-pounding, third-person survival horror game that throws you into the heart of a deadly struggle against overwhelming foes, all while uncovering the mysteries of a twisted time travel story.",,,,2025-09-05 00:00:00+00,,,,,,,,75.98549344009315,49,,,78.29274672004658,54,,,,,"[1, 19, 21]","[5, 9, 31]",,,,,,,,,cobqq9,,2026-04-24 05:47:25.578815+00,0,f
147519,Against the Storm,against-the-storm,A roguelite city builder set in a fantasy world tormented by the everlasting rain. Settle the unknown wilds to discover and rebuild the ruins of a long-forgotten civilization. Develop technologies that will help your citizens tackle destructive storms and extend the frontier of your civilization.,"The rain is your ally and the greatest enemy. It cycles in three seasons requiring you to stay flexible and adapt to changing conditions. In Drizzle, the season of regrowth, natural resources replenish themselves, and it’s time for construction and planting crops. The Clearance is the season of harvest, expansion, and preparations for the last, most unforgiving season of them all. A true test of your city’s strength comes with the Storm when bolts of lightning tear the sky, nothing grows and resources are scarce.",,,2023-12-08 00:00:00+00,,,,,,,,83.29293394618031,46,,,86.89646697309016,48,,,,,[17],"[11, 13, 15, 32]",,,,,,,,,coaazl,,2026-04-24 05:47:25.579994+00,0,f
196954,Hell is Us,hell-is-us,"If war is the closest we get to hell on earth, it's because Earth harbours the worst of demons: humankind. In an isolated country ravaged by infighting, discover the secrets of your past and deal with the repercussions of a mysterious calamity.","As well as the civil war dividing the country, the region is suffering from a mysterious calamity, which has given rise to supernatural creatures that no modern weapon can defeat. Your drone and sword from a different age are your faithful allies as you cut a path through lands infested with terrifying chimeras and try to unravel the mystery of their appearance.",,,2025-09-04 00:00:00+00,,,,,,,,75.07585833783554,31,,,78.03792916891777,33,,,,,"[1, 17, 18, 19, 39]","[12, 31]",,,,,,,,,co9vum,,2026-04-24 05:47:25.581021+00,0,f
117170,Stellar Blade,stellar-blade,"Eve and her comrades land on the surface to reclaim the extinct Earth and cross paths with a survivor named Adam. Eve is then led by Adam to the last surviving city, Xion, where she meets the elder of the town Orcal and is told many stories. In order to serve her mission to save Earth, Eve develops close relationships with the key members of Xion and contributes to rebuilding the city.

On a mission to save Earth from the NA:tive, Eve is also faced with helping out the citizens of Xion. Whether you will help the survivors or not, depends purely on your decision as the player.

The game originally was announced as ""Project Eve"" in 2019. It was set to release for PS4/Xbox One consoles and PC, but a September 2022 State of Play revealed the game would instead launch only on PS5 and PC.",,,,2024-04-26 00:00:00+00,,,,,,,,81.07218072657369,111,,,83.72359036328685,119,,,,,"[1, 18]","[12, 25, 31]",,,,,,,,,co9s0t,,2026-04-24 05:47:25.591699+00,0,f
135994,Avowed,avowed,"Welcome to the Living Lands, a mysterious island filled with adventure and danger.

Set in the fictional world of Eora that was first introduced to players in the Pillars of Eternity franchise, Avowed is a first-person fantasy action RPG from the award-winning team at Obsidian Entertainment.

The Living Lands is a place that feels foreign yet somewhat intrinsic to you as it feels the island itself is calling out to you for help. Explore an island home to many different environments and landscapes, each with their own unique ecosystem.

Mix and match swords, spells, guns, and shields to fight your way. Dig into your grimoire for spells to trap, freeze or burn enemies, bash them with your shield, or use range bows to attack from a distance.

Companions from a spread of species will fight alongside you, with their own unique set of abilities. From a former mercenary to an eccentric wizard, they will be part of your journey with your choices shaping them as you help them with their quests.","You are the envoy of Aedyr, a distant land, sent to investigate rumors of a spreading plague throughout the Living Lands - an island full of mysteries and secrets, danger and adventure, and choices and consequences, and untamed wilderness. You discover a personal connection to the Living Lands and an ancient secret that threatens to destroy everything. Can you save this unknown frontier and your soul from the forces threatening to tear them asunder?",,,2025-02-18 00:00:00+00,,,,,,,,75.50341005829439,85,,,80.3517050291472,90,,,,,"[1, 17]","[12, 31]",,,,,,,,,co7nbb,,2026-04-24 05:47:25.583029+00,0,f
284716,Sonic X Shadow Generations,sonic-x-shadow-generations,"Shadow the Hedgehog is back with Classic and Modern Sonic in Sonic X Shadow Generations, an all-new collection featuring two unique experiences! Play as Shadow in a brand-new story campaign featuring never-before-seen abilities that prove why he's known as the Ultimate Life Form! Speed through iconic stages from Shadow's history, discover hidden secrets in an expansive hub world, and unlock new powers to take on Black Doom and save the world. Sonic X Shadow Generations also includes a complete remaster of the highly acclaimed Sonic Generations, a time-traveling adventure featuring a greatest-hits collection of 3D and 2D Sonic stages, now with upgraded visuals and new bonus content.",,,,2024-10-25 00:00:00+00,,,,,,,,80.06153164164401,21,,,81.580765820822,31,,,,,[1],"[8, 31]",,,,,,,,,co8byo,,2026-04-24 05:47:25.584114+00,0,f
152436,Sheepy: A Short Adventure,sheepy-a-short-adventure,"Sheepy: A Short Adventure is a short handcrafted pixel art platformer that follows Sheepy, an abandoned plushy brought to life.","Help Sheepy, an abandoned plushy brought to life, as he explores a forgotten and broken world.",,,2024-02-06 00:00:00+00,,,,,,,,85.28976605208994,33,,,85.28976605208994,33,,,,,"[17, 19, 21, 43]","[8, 31, 32]",,,,,,,,,co7rkr,,2026-04-24 05:47:25.585229+00,0,f
252445,Mullet Madjack,mullet-madjack,Mullet Madjack is a single-player fast-paced FPS that brings you directly inside a classic anime. Power up your character and reach the last floor; Beat your best time or try again. Haste makes waste… of your enemies!,"We are in the 90s... 2090 to be precise. Mullet Madjack is a frantic first-person action game set in a vintage Anime world. In this future, Man and Internet have merged into a new being. This being needs Dopamine every 10 seconds, or else it will die!",,,2024-05-15 00:00:00+00,,,,,,,,79.07589400261082,30,,,83.83794700130541,35,,,,,"[1, 18]","[5, 31, 32, 33]",,,,,,,,,co6m1h,,2026-04-24 05:47:25.586285+00,0,f
250616,Helldivers 2,helldivers-2,"The Galaxy’s Last Line of Offence. Enlist in the Helldivers and join the fight for freedom across a hostile galaxy in a fast, frantic, and ferocious third-person shooter.",,,,2024-02-08 00:00:00+00,,,,,,,,82.7321522781778,289,,,85.22321899623175,296,,,,,"[1, 18]","[5, 24]",,,,,,,,,coabbf,,2026-04-24 05:47:25.587396+00,0,f
300976,Assassin's Creed Shadows,assassins-creed-shadows,"Experience an epic historical action-adventure story set in feudal Japan! Become a lethal shinobi Assassin and a powerful legendary samurai as you explore a beautiful open world in a time of chaos. Switch seamlessly between two unlikely allies as you discover their common destiny. Master complementary playstyles, create your shinobi league, customize your hideout, and usher in a new era for Japan.","Live the intertwined stories of Naoe, an adept shinobi Assassin from Iga Province, and Yasuke, the powerful African samurai of historical legend. Against the backdrop of the turbulent late Sengoku period, this remarkable duo will discover their common destiny as they usher in a new era for Japan.",,,2025-03-20 00:00:00+00,,,,,,,,74.04408997532846,118,,,79.52204498766423,125,,,,,"[1, 22, 23, 38]","[12, 31]",,,,,,,,,co87cu,,2026-04-24 05:47:25.588384+00,0,f
217623,Like a Dragon: Infinite Wealth,like-a-dragon-infinite-wealth,"Like a Dragon: Infinite Wealth is a turn-based role-playing game developed by Ryu Ga Gotoku Studio and published by Sega. It follows dual protagonists Ichiban Kasuga and Kazuma Kiryu, with the narrative set primarily in Japan and Hawaii. The game uses a party-based combat system that builds on previous Like a Dragon entries, incorporating positioning and environmental interactions. Players engage in main story missions alongside a wide range of optional activities and side content. The title combines narrative-driven progression with exploration, character development, and minigames typical of the series.",,,,2024-01-26 00:00:00+00,,,,,,,,82.9864160715251,63,,,85.19320803576255,68,,,,,"[1, 31]","[12, 25, 31]",,,,,,,,,co8356,,2026-04-24 05:47:25.589451+00,0,f
252476,Prince of Persia: The Lost Crown,prince-of-persia-the-lost-crown,Dash into a stylish and thrilling action-adventure platformer set in a mythological Persian world where the boundaries of time and space are yours to manipulate. Play as Sargon and evolve from sword-wielding prodigy to extraordinary legend as you master acrobatic combat and unlock new Time Powers and unique super abilities.,,,,2024-01-18 00:00:00+00,,,,,,,,82.97192032788304,117,,,85.20024587822724,124,,,,,"[1, 17]","[8, 31]",,,,,,,,,co6lli,,2026-04-24 05:47:25.590593+00,0,f
305158,Life is Strange: Double Exposure,life-is-strange-double-exposure,"Max Caulfield, photographer-in-residence at the prestigious Caledon University, discovers her closest new friend Safi dead in the snow. Murdered. To save her, Max tries to Rewind time – a power she’s not used in years… Instead, Max opens the way to a parallel timeline where Safi is still alive and still in danger! Max realizes the killer will soon strike again – in both versions of reality. Only Max can Shift between the two parallel timelines to solve and prevent the same murder.","When Max Caulfield finds her friend Safi dead in the snow, she tears open the way to a parallel timeline. Here, Safi is still alive - and still in danger! With her new power to Shift between two timelines – can Max solve and prevent the same murder?",,,2024-10-29 00:00:00+00,,,,,,,,79.40946319939289,37,,,80.56187445683929,44,,,,,[1],[31],,,,,,,,,co8bp9,,2026-04-24 05:47:25.597208+00,0,f
204627,Cocoon,cocoon,"Cocoon is a puzzle adventure game developed by Geometric Interactive and published by Annapurna Interactive. Players control a small insect-like creature navigating interconnected worlds contained within orbs, solving environmental puzzles by carrying and using these orbs to manipulate space and progression.","Players have to interact with alien environments and biomechanical devices left behind by an ancient civilization. They journey through unique and diverse biomes, from industrial structures to massive organic caverns, and discover how they are connected to one another. Each orb has an ability that can be unlocked, thereby turning the orb into a unique tool for players to utilize within other worlds. Players can use these abilities to uncover hidden pathways and objects, fire projectiles to trigger switches, and more.",,,2023-09-29 00:00:00+00,,,,,,,,83.080116730724,143,,,86.040058365362,148,,,,,[18],"[9, 31, 32]",,,,,,,,,co4v2z,,2026-04-24 05:47:25.598331+00,0,f
165390,Blasphemous II,blasphemous-ii,"The Penitent One awakens as Blasphemous 2 joins him once again in an endless struggle against The Miracle. Dive into a perilous new world filled with mysteries and secrets to discover, and tear your way through monstrous foes that stand between you and your quest to end the cycle one and for all.","Awakened in a strange new land, and displaced from his final resting place, The Penitent One is thrust back into the endless cycle of life, death, and resurrection, with no other option than to explore this perilous new world and uncover its long-forgotten secrets.

Hordes of grotesque enemies stand in your way, awaiting final judgement by the brutal hand of the Penitent One, with titanic twisted bosses also lurking in the darkness, waiting for their chance to return you to the grave from whence you came.",,,2023-08-24 00:00:00+00,,,,,,,,84.24878875275853,87,,,86.49939437637926,91,,,,,"[1, 17]","[8, 12, 25, 31, 32]",,,,,,,,,co6ej3,,2026-04-24 05:47:25.600622+00,0,f
31551,Final Fantasy XVI,final-fantasy-xvi,"A single-player action RPG set in a high-fantasy world where warring nations and powerful summoned Eikons shape political intrigue and personal vengeance. Players control Clive, a former shield bearer whose life is upended by tragedy. Engage in fast-paced, tactical real-time combat that blends heavy weapons, Eikon-driven abilities, and cinematic set pieces.
Deeply narrative-driven, the game emphasizes character development, expansive locales to explore, and dramatic boss encounters while offering layered combat customization through combos, parries, and skill upgrades.","The sun is setting upon the land of Valisthea.

For centuries, people have flocked to her Mothercrystals to partake of their blessing—the abundant aether that fuels the magicks they rely upon in their everyday lives. As the aether begins to fade and the lifeless deadlands spread ever further, so too does the struggle for possession of the final flickers of the Mothers' light grow ever more fierce.

Yet amidst the gathering storm, there are those who believe that the legacy of the crystals has shaped mankind's destiny for long enough.",,,2023-06-22 00:00:00+00,,,,,,,,83.05722159858468,191,,,87.47305524373678,200,,,,,"[1, 17]","[12, 31]",,,,,,,,,cobd9i,,2026-04-24 05:47:25.601786+00,0,f
115078,Predecessor,predecessor,"Inspired by the legacy of Paragon, built with love by the community, and powered by Unreal Engine 5, Predecessor is the ultimate fusion of shooter action and MOBA strategy.

With more than 30 Heroes to choose from, each with unique and devastating abilities such as shooting through walls, turning invisible and raining down rockets from above, there's more than one way to take down your opponents! Hit your lane and push the enemy objective, taking down towers as you battle to destroy their core all while protecting your own. Predecessor plays like a traditional three lane MOBA, but with genre-redefining elements such as an immersive third-person perspective, high quality graphics and game-changing map verticality.",,,,2024-08-20 00:00:00+00,,,,,,,,81.26718928532235,64,,,81.26718928532235,64,,,,,"[1, 18]","[5, 15, 36]",,,,,,,,,co84v9,,2026-04-24 05:47:25.599423+00,0,f
30208,Dragon Age: The Veilguard,dragon-age-the-veilguard,"Select from different races and combat classes, customize your appearance, choose your character’s backstory and begin your journey as Rook, Dragon Age’s newest hero.

Select from three classes (Warrior, Mage, and Rogue), each with two distinct weapon types and unique abilities you can select between mid-combat. Experience new strategic depth as you combine fast-paced attacks, parries, and dodges with the companion ability wheel to exploit enemy weaknesses and seize victory with devastating combat combos.

The Veilguard contains several different factions, any of these could prove to be important ally during the story. Your faction choice will influence Rook's backstory, conversation options and more.","Rise as Rook, Dragon Age’s newest hero. Be who you want to be and play how you want to play as you fight back and lead your team of seven companions, each with their own rich story. Together, you will become the Veilguard.",,,2024-10-31 00:00:00+00,,,,,,,,69.32724263419597,132,,,79.94933560281227,139,,,,,"[1, 17]","[12, 15, 31]",,,,,,,,,co8gj5,,2026-04-24 05:47:25.605028+00,0,f
171225,Wuchang: Fallen Feathers,wuchang-fallen-feathers,"Wuchang: Fallen Feathers is a soulslike action RPG set in the land of Shu during the dark and tumultuous late Ming Dynasty, plagued by warring factions and a mysterious illness that spawns monstrous creatures.",,,,2025-07-24 00:00:00+00,,,,,,,,78.71579499777198,36,,,76.257897498886,41,,,,,"[1, 17, 38, 43]","[12, 25, 31]",,,,,,,,,co9xif,,2026-04-24 05:47:25.607264+00,0,f
197202,Escape the Backrooms,escape-the-backrooms,Explore the seemingly infinite expanse of eerily familiar levels in the backrooms based on the popular creepypasta lore. Each level features different ways to escape with danger along the way.,Traverse through eerie backrooms levels while avoiding entities and other danger to try and escape.,,,2025-10-23 00:00:00+00,,,,,,,,70.09445709351739,36,,,75.0472285467587,37,,,,,"[1, 19]","[9, 13, 31, 32]",,,,,,,,,co7hmv,,2026-04-24 05:47:25.608239+00,0,f
148241,Lies of P,lies-of-p,"Lies of P is an action role-playing game set in a dark, Belle Époque-inspired city overrun by deadly puppets. Players control Pinocchio, reimagined as a mechanical warrior, navigating a decaying world while making choices that affect the unfolding narrative. The game features challenging melee combat, weapon customization, and a mechanical arm with various abilities.","Lies of P is set in the late 19th Century to the early 20th Century of the Belle Époque Era in Europe within a city called Krat. The city of Krat was once a beautiful place but has now become lost and turned into a living hell that is filled with unspeakable horrors due to a deadly plague. Krat is featured as a grim city where multiple automatons now roam almost every part of the center, from the streets, rooftops, alleyways, and within buildings.

As you start your adventure in Lies of P, you play as the puppet mechanoid Pinocchio who awakens in an abandoned train station not knowing where he has come from and what his purpose is. As we all know the famous fable of Pinocchio, Mr. Geppetto carved a wooden puppet named Pinocchio and was visited by the Blue Fairy who granted Mr. Geppetto's wish by transforming the puppet into a living being, that being said, Pinocchio sets forth into reaching his goal of becoming a real boy.",,,2023-09-18 00:00:00+00,,,,,,,,84.73694945544568,311,,,85.11847472772284,321,,,,,"[1, 19, 38]","[12, 31]",,,,,,,,,co6lxr,,2026-04-24 05:47:25.609263+00,0,f
325588,Rematch,rematch--1,Control one player on your team and compete in fast-paced 5v5 matches from an immersive third-person perspective. Team up with your friends and join the action.,,,,2025-06-19 00:00:00+00,,,,,,,,69.72970283759452,39,,,76.36485141879726,41,,,,,[1],"[14, 32]",,,,,,,,,coak26,,2026-04-24 05:47:25.610373+00,0,f
347668,Resident Evil Requiem,resident-evil-requiem,"Resident Evil Requiem is the ninth entry in the Resident Evil series. Experience terrifying survival horror with FBI analyst Grace Ashcroft, and dive into pulse-pounding action with legendary agent Leon S. Kennedy. Both of their journeys and unique gameplay styles intertwine into a heart-stopping, emotional experience that will chill you to your core.","A dual-narrative between veteran agent Leon S. Kennedy and new FBI analyst Grace Ashcroft investigating a fresh bioterror outbreak at a condemned hotel in Raccoon City. Set decades after the original incident, the story revisits the city's dark history, with Grace seeking answers about her mother, reporter Alyssa Ashcroft.",,,2026-02-27 00:00:00+00,,,,,,,,89.33319575372708,197,,,89.91659787686353,203,,,,,"[1, 19, 21]","[5, 9, 31]",,,,,,,,,cobmj0,,2026-04-24 05:47:25.4995+00,0,f
307930,NextWorld2,nextworld2--1,"NextWorld2 is a fantasy MMORPG set in the divided world of Kigan, where two rival kingdoms, Selakim and Quila, struggle for dominance. Players can choose from four classes: Warrior, Shaman, Assassin, and Ezra, and explore a vast open world filled with quests, mounts, dungeons, and large-scale community events.

The game emphasizes real-time combat, crafting, exploration, and both PvE and PvP content. Currently available in Hungary, NextWorld2 has thousands of active players and continues to grow with new content and future international expansion plans.","The world of NextWorld2 is set in Kigan, the largest continent of a once united realm now divided between two great kingdoms, Selakim and Quila. Long ago, the ancient war between light and shadow shattered the balance of the world, giving birth to endless conflict. The magical force known as the Essence still lingers, empowering both heroes and creatures alike.

Centuries after the fall of the old empires, peace has become fragile. Orc tribes raid borderlands, dark beasts roam ancient ruins, and forgotten powers stir beneath the earth. As tensions rise between Selakim and Quila, whispers spread of an ancient prophecy foretelling the return of the Demon Reaper.

Players must choose their allegiance, fight back against the rising darkness, and uncover the truth behind the forces threatening to consume Kigan once more.",,,2024-07-06 00:00:00+00,,,,,,,,94.23458539562922,39,,,94.23458539562922,39,,,,,"[1, 17]","[12, 25]",,,,,,,,,co8gqz,,2026-04-24 05:47:25.514983+00,0,f
325609,Dispatch,dispatch--3,"Dispatch is a superhero workplace comedy where choices matter. Manage a dysfunctional team of misfit heroes and strategize who to send to emergencies around the city, all while balancing office politics, personal relationships, and your own quest to become a hero.","In a world filled with superheroes, Robert Robertson, an ordinary human, pilots a giant robotic suit as Meca Man, carrying on his father's legacy. When his suit is irreversibly damaged in a battle against his archnemesis and father's killer, Shroud, he's forced into retirement. Soon after, the Superhero Dispatch Network (SDN) makes him an offer: they’ll repair his suit if he agrees to lead and coordinate the Z-Team, a group of former supervillains seeking redemption, as they rush across Los Angeles to save the day. But every mission comes with choices: the kind that define what makes someone a hero, with or without superpowers.",,,2025-10-22 00:00:00+00,,,,,,,,89.34041779074057,219,,,87.17020889537028,221,,,,,"[1, 27]","[2, 15, 31]",,,,,,,,,cob5ql,,2026-04-24 05:47:25.516307+00,0,f
284721,Until Dawn,until-dawn--1,"A remake of Until Dawn, an interactive drama survival horror video game originally released in 2015.

The remake features overhauled visuals, new camera controls, prologue rework, new collectables, new areas and interactions, and a new ""Stay Calm"" mechanic.","When eight friends return to the isolated lodge where two of their group vanished a year prior, fear tightens its icy grip, and their mountain retreat descends into a nightmare with no escape.",,,2024-10-04 00:00:00+00,,,,,,,,80.85130029220463,56,,,79.42565014610231,61,,,,,"[19, 21, 31, 43]",[31],,,,,,,,,co9qxt,,2026-04-24 05:47:25.612615+00,0,f
191692,Street Fighter 6,street-fighter-6,"The evolution of fighting games starts with our traditional Fighting Ground, and then we're turning the genre on its head with World Tour and Battle Hub for a total of three modes where anyone can play to their liking.

No one starts off as a champion. You get there step by step, punch by punch.
Take up the challenge and bring your game to the next level.","Discover the meaning of strength in World Tour, an immersive, single-player story mode. Take your avatar and explore Metro City and beyond. Meet Masters who will take you under their wing and teach you their style and techniques.",,,2023-06-02 00:00:00+00,,,,,,,,80.13324616460255,110,,,86.44162308230128,118,,,,,"[1, 17]","[4, 33]",,,,,,,,,co9wxo,,2026-04-24 05:47:25.613759+00,0,f
115060,Dragon's Dogma II,dragons-dogma-ii,"Dragon's Dogma is a single player, narrative driven action-RPG that challenges players to choose their own experience – from the appearance of their Arisen, their vocation, their party, how to approach different situations and more.

On your journey, you’ll be joined by Pawns, mysterious otherworldly beings, in an adventure so unique you will feel as if accompanied by other players while on your own adventure.

All of these elements are elevated further by the latest in graphics, artificial intelligence (AI) and physics technology to create a truly immersive fantasy world in Dragon's Dogma 2.","The story begins in an underground gaol where the Dragon's voice echoes in the fog of lost memories.

Ascend, Arisen, and best me, in accordance with the dogma of this world.

Betwixt the domains of human and beastren, A hero must fulfill their forgotten destiny.

What dogma does your heart see through your eyes?
‘Tis a tale of one who shall slay the Dragon and claim the throne.",,,2024-03-22 00:00:00+00,,,,,,,,73.14954874928026,75,,,81.99144104130679,81,,,,,"[1, 17, 38]","[12, 31]",,,,,,,,,co833w,,2026-04-24 05:47:25.614764+00,0,f
166824,Indika,indika,"Play a third-person, story-driven game set in alternative Russia of the late XIX century where religious visions clash with harsh reality. INDIKA tells the story of a young nun who sets off on a journey of self-discovery with the most unusual companion by her side, the devil himself.",,,,2024-05-02 00:00:00+00,,,,,,,,77.64442463626136,74,,,81.19721231813068,78,,,,,[43],"[9, 31]",,,,,,,,,co85mc,,2026-04-24 05:47:25.615765+00,0,f
185258,ARC Raiders,arc-raiders,"ARC Raiders is a multiplayer extraction adventure, set in a lethal future earth, ravaged by a mysterious mechanized threat known as ARC. Enlist as a Raider and scavenge the surface to thrive in a desolate world. But beware of the machines. Beware of Raiders preying on others.

ARC Raiders blends the tension from extraction shooters with atmospheric settings from the adventure genre. Lurking threats—from deadly machines to other Raiders—create a constant ebb and flow of intensity, where every moment is charged with the thrill of high stakes. Extract valuable loot and explore the unfolding mysteries of a vibrant, lethal world.

ARC Raiders supports seamless social play across PlayStation, Xbox, and PC. Play with your squad and thrive as a team, or rise in the ranks as a lone ranger.","Lethal machines known as ARC rule the surface, ranging from unrelenting drone swarms to mechanical giants that obliterate everything in their path. Their origins remain a mystery, but their ever-present danger is felt with every step you take.

Raiders survive by kitbashing scavenged materials; using long-lost tech and looted ARC parts to craft weapons, gadgets, and gear.

In Speranza, everyone has an agenda, and the Traders are no different. They’ll send you topside on missions in exchange for rewards, slowly revealing more about who they are and what they want for Speranza’s future.",,,2025-10-30 00:00:00+00,,,,,,,,84.09010513101697,242,,,86.67005256550848,246,,,,,"[1, 18]",[5],,,,,,,,,co9rk1,,2026-04-24 05:47:25.518941+00,0,f
26602,Metaphor: ReFantazio,metaphor-refantazio,"From the creative minds of the Persona series – Metaphor: ReFantazio marks ATLUS’ first ever, full-scale fantasy RPG, brought to you by director Katsura Hashino, character designer Shigenori Soejima, and composer Shoji Meguro.

Write your destiny and rise above fear as you step into a fantasy world unlike anything you’ve seen before. Fraught with unsettling mystery, the kingdom stands on a precipice. Now, you must embark on a journey, overcoming obstacles and forging bonds with friends.","Our story takes place in The United Kingdom of Euchronia, where the assassination of the king brings chaos and unrest to the land.

Then, one fateful day, a megic known only to the king called the Royal Magic is invoked, and the world becomes embroiled in a royal tournament for the throne.

In the midst of this, the protagonist, together with his partner, the fairy Galica, must find a way to break the curse that has been placed on the prince that the kingdom believes to be dead. To do so, they depart on a journey across the vast lands.

They will discover that in order to achieve their goal, they must participate in the tournament for the throne, and this great task shall require them to ally with many friends and followers of the various tribes inhabiliting the world.",,,2024-10-11 00:00:00+00,,,,,,,,86.77066538133909,88,,,90.52818983352668,95,,,,,"[1, 17]","[12, 16, 31]",,,,,,,,,co8d9t,,2026-04-24 05:47:25.524971+00,0,f
204634,The Alters,the-alters,"Explore an emotional sci-fi game with a unique blend of survival, adventure, and base-building elements. Help Jan Dolski, the sole survivor of an ill-fated space expedition, create alternative versions of himself to escape a hostile planet and tackle personal turmoils with this unconventional crew.","This is the story of Jan Dolski, a simple worker facing circumstances that lead him to a life-changing crossroads. Crash landing on a distant planet, stranded and alone, Jan finds himself in a daunting life and death situation. His only hope for survival is to bring helping hands on board. Not yet understanding the weight of his choice, Jan must create alternate versions of himself if he is to forge ahead: the alters.",,,2025-06-13 00:00:00+00,,,,,,,,83.24046752289414,72,,,84.92023376144707,77,,,,,"[18, 21]","[13, 31]",,,,,,,,,coaaju,,2026-04-24 05:47:25.539702+00,0,f
277807,Cyberpunk 2077: Ultimate Edition,cyberpunk-2077-ultimate-edition,"Cyberpunk 2077: Ultimate Edition is an open-world RPG containing two powerful adventures: the base game of Cyberpunk 2077, taking place in the dark future of Night City, and Phantom Liberty, a spy-thriller story set in the walled-off district of Dogtown. Players take on the role of V, a cyber-enhanced mercenary, and embark on a fight for survival filled with story-defining decisions, action-packed gameplay, and unforgettable characters, including rockerboy Johnny Silverhand (played by Keanu Reeves) and FIA sleeper agent Solomon Reed (played by Idris Elba).

This new release is the perfect way to experience every story of the dark future; it also contains the free Update 2.0, which overhauled many of the game’s systems, introducing dynamic skill trees, high-octane vehicle combat, and enhanced enemy and police AI — as well as adding new weapons, vehicles, and clothes. The release is bolstered with a set of previously released digital goodies available as part of the “My Rewards” program, available to all who register.","In 2077, following an economic collapse sometime during the early 21st century, the United States is forced to rely on large corporations to survive. These corporations deal in a wide range of areas, such as weapons, robotics, cybernetics, pharmaceuticals, communications and biotechnology, and many of these companies operate above the law. The world in between is where decadence, sex and pop culture mix with violent crime, extreme poverty and the unattainable promise of the American Dream. You play as V, a mercenary outlaw deeply embedded in the crime-ridden city of Night City, going after a one-of-a-kind implant that is the key to immortality.",,,2023-09-26 00:00:00+00,,,,,,,,94.36405272654002,102,,,92.18202636327001,103,,,,,"[1, 18, 33, 38]","[5, 12, 31]",,,,,,,,,co7iy1,,2026-04-24 05:47:25.548715+00,0,f
133236,Final Fantasy VII Rebirth,final-fantasy-vii-rebirth,"Final Fantasy VII Rebirth is the second entry in the Final Fantasy VII remake project, which retells the story of the genre-redefining RPG across three distinct games. Iconic heroes Cloud, Barret, Tifa, Aerith and Red XIII have escaped from the dystopian city Midgar and are now in pursuit of Sephiroth, the vengeful swordsman from Cloud’s past who was thought to be dead.","For years now, the Shinra Electric Power Company has been providing the world with energy at the expense of the lifestream, the “river” whence all life flows and whither it returns. After storming the company’s headquarters and engaging in a series of battles for the ages, Cloud and his companions leave Midgar behind and set out for the wider world. Once in the grasslands, they hop aboard chocobos and embark on a journey with an unknown destination.

Meanwhile, Zack—beaten and battered from his fight against an army of troopers—hobbles across the wastelands into Midgar with a mako-poisoned Cloud on his shoulder. Though he has managed to escape death for now, the ominous rift in the sky gives him little reason to rejoice.

That is hardly the only threat facing the world, however. The Shinra Resistance Committee, backed by Wutai’s interim government, declares war on the company; figures shrouded in black robes carry with them the corpse of Jenova, a veritable calamity from another world; and the Weapons—fierce and monstrous guardians of the planet—have recently awakened.

Amid this chaos, Sephiroth has set his plan in motion, thus ensuring myriad fates intertwine and are birthed anew.",,,2024-02-29 00:00:00+00,,,,,,,,89.82324358514644,131,,,89.16162179257321,139,,,,,"[1, 17, 38]","[12, 31]",,,,,,,,,cob9k6,,2026-04-24 05:47:25.55109+00,0,f
194821,Nine Sols,nine-sols,"Nine Sols is a lore rich, hand-drawn 2D action-platformer featuring Sekiro-inspired deflection focused combat, immersive storytelling, and unique Taopunk setting. Embark on a journey of Asian fantasy, explore the land once home to an ancient alien race, and follow a vengeful hero’s quest to slay the 9 Sols, formidable rulers of this forsaken realm.","In New Kunlun, hero Yi has awakened the 9 rulers of this forsaken realm. To defeat the 9 Sols in the deserted city.

“Becomes one with the way of Tao…”

New Kunlun, the Solarian’s last sanctuary, has remained quiet for centuries. Inside this vast realm, the ancient gods left mortals with a promised land that is forever protected by the sacred rituals, yet the truth of this world remains unknown to most. Everything changes when Yi, a long forgotten hero from the past, is awoken by a human child.

Follow Yi on his vengeful quest against the 9 Sols, formidable rulers of this forsaken realm, and obliterate any obstacles blocking your way in Sekiro-lite style combat. Explore in unique “Taopunk” setting that blends cyberpunk elements with Taoism and far eastern mythology. Unravel the mysteries of an ancient alien race and learn about the fate of mankind.",,,2024-05-29 00:00:00+00,,,,,,,,85.44665100325348,78,,,87.22332550162673,81,,,,,"[1, 17, 18]","[8, 25, 31, 32]",,,,,,,,,co4l2s,,2026-04-24 05:47:25.556637+00,0,f
185246,Alan Wake II,alan-wake-ii,Alan Wake 2 marks Remedy Entertainment’s first foray into the survival horror genre. Ritualistic murders in a small town. A writer trapped in a nightmare. An FBI agent looking for answers. Two realities. Two hero characters. One horror story that wants them dead.,"Alan Wake went missing in 2010. He was a bestselling writer based in New York City. On a vacation in the Pacific Northwest with his wife, Alice Wake, he came face to face with a force of supernatural darkness. It brought Wake’s writing, a horror story, to life. He fought this dark presence and managed to banish it back to where it came from, a nightmarish dark place hidden under a caldera lake outside the small town of Bright Falls. Wake wrote an ending to his horror story and with that freed his wife from the darkness under the lake but became trapped there himself.

Alan Wake is not dead, although he has wished he was many times. For 13 years he’s been a prisoner in the Dark Place, where his nightmares, his fears, and his stories manifest as reality around him. For 13 years, he has been fighting to stay sane and write a story that would change reality around him in order for him to escape. So far, he has failed.

Saga Anderson is an accomplished FBI agent with a reputation for solving impossible cases. She arrives in the small-town community of Bright Falls in the Pacific Northwest to investigate a string of ritualistic murders.

Anderson’s case spirals into a nightmare when she discovers pages of a horror story that start to come true around her and suggest disturbing links to Alan Wake, a writer who went missing in the area over a decade ago.",,,2023-10-27 00:00:00+00,,,,,,,,87.62572169569994,282,,,90.11286084784996,287,,,,,"[1, 19, 21]","[5, 31]",,,,,,,,,co6jar,,2026-04-24 05:47:25.559888+00,0,f
101440,S.T.A.L.K.E.R. 2: Heart of Chornobyl,stalker-2-heart-of-chornobyl,"S.T.A.L.K.E.R. 2: Heart of Chornobyl is the unforgiving FPS survival adventure in a dark science-fiction open world. Scavenge for gear and resources, hunt for wonders, make hard decisions to survive and pave the path through the Chornobyl Anomalous Zone.","Yevhen ""Skif"" Martynenko, a veteran of the Ukrainian Marine Corps, has returned from a 3-year deployment in an unspecified conflict. He awakens to find his apartment has been destroyed by an anomaly that has mysteriously appeared outside of the Zone, leaving an unknown artifact in its wake. Looking to earn money for a new home, he is smuggled into the Zone by a scientist, Professor Hermann, along with a piece of technology called the 'Scanner' that creates local anomalies and can apparently ""recharge"" depleted artifacts. Venturing into the Zone, he finds his initial team he was to make contact with have been killed and sets out alone to use the Scanner in special coordinates where it works. On the third and successful attempt, he is interrupted by an investigation from soldiers of the faction called 'Ward', dedicated to controlling the Zone and stopping its expansion. The soldiers themselves are killed by an unknown third party, who steal Skif's belongings and knock him unconscious.

Skif awakens and sets out to recover the Scanner and artifact, aided by a friendly loner named Richter. He finds himself on the trail of Solder, who sold him and the scientists the coordinates of where to place the Scanner, collaborating with either the local Stalkers or the Ward in the process. Following the trail, he is led to Scar, the protagonist of S.T.A.L.K.E.R.: Clear Sky, who leads an anarchistic faction called Spark that opposes the Ward and believes the Zone can be transformed into a utopian 'Shining Zone', as well as the Noontide faction, consisting of the formerly-brainwashed soldiers of the Monolith from previous games, who seek to make their own lives, having no memory of their pre-zone life or enslavement to the Monolith. They are divided between Strider, who aims to make the Zone a safer place, and Faust, who still preaches the original mindset of the Monolith.",,,2024-11-20 00:00:00+00,,,,,,,,80.92538060743549,136,,,83.71269030371775,138,,,,,"[1, 19, 21, 38]","[5, 12, 31]",,,,,,,,,co5pxn,,2026-04-24 05:47:25.563922+00,0,f
131890,Sea of Stars,sea-of-stars,"Sea of Stars is a turn-based RPG inspired by the classics. Promising the Sabotage touch in every system, Sea of Stars aims to modernize the classic RPG in terms of turn-based combat, storytelling, exploration and interactions with the environment, while still offering a hearty slice of nostalgia and good old, simple fun.","A prequel story set in The Messenger’s universe, it tells the story of two Children of the Solstice who will combine the powers of the sun and moon to perform Eclipse Magic, the only force capable of fending off the monstrous creations of the evil alchemist known as The Fleshmancer.",,,2023-08-28 00:00:00+00,,,,,,,,83.26488915687636,126,,,86.19494457843818,134,,,,,"[17, 38]","[12, 31, 32]",,,,,,,,,co215b,,2026-04-24 05:47:25.602895+00,0,f
250630,Marathon,marathon--2,"A PvP-focused extraction shooter set on the mysterious planet of Tau Ceti IV, Marathon will see players inhabit the bodies of Runners, cybernetic mercenaries who have been designed to survive the planet’s harsh environments and explore the lost colony that once inhabited Tau Ceti’s surface. Players will engage solo or in crews of three, searching for mysterious alien artifacts, as well as for valuable loot and new weapons and gear that they can add to their collection.","A massive ghost ship hangs in low orbit over a lost colony. The 30,000 souls who called this world home have disappeared without a trace. Strange signals hint at rumors of mysterious artifacts, long-dormant AI, and troves of untold riches. You are a cybernetic mercenary – a Runner – and your destination is Tau Ceti IV. You are one of many, working solo or with a crew, venturing into the unknown and facing the unimaginable in a fight for survival, for riches, for fame... and for infamy. Who among you will write their names across the stars?",,,2026-03-05 00:00:00+00,,,,,,,,67.44044501031252,45,,,77.38688917182293,48,,,,,"[1, 18]",[5],,,,,,,,,cobbf4,,2026-04-24 05:47:25.566018+00,0,f
191435,Animal Well,animal-well,"What lurks beneath the surface of this deceptively minimalistic adventure? In Animal Well there is more than what you see. Explore a dense interconnected labyrinth, and unravel its many secrets. Collect items to manipulate your environment in surprising and meaningful ways. Encounter creatures both beautiful and unsettling, and try to survive what lurks in the dark.","It is dark. It is lonely. You don't belong in this world. It's not that it’s a hostile world... it's just... not yours. As you uncover its secrets, the world grows on you. It takes on a feel of familiarity, yet you know that you've only probed the surface. The more you discover, the more you realize how much more there is to discover. Secrets leading to more secrets. You recall the feeling of zooming closer and closer in on a very high-resolution photo. As you hone your focus, the world betrays its secrets.",,,2024-05-09 00:00:00+00,,,,,,,,81.71276145108297,109,,,85.35638072554148,113,,,,,"[1, 19, 21, 43]","[8, 9, 31, 32]",,,,,,,,,co4hdh,,2026-04-24 05:47:25.573612+00,0,f
266717,Resident Evil 4: Separate Ways,resident-evil-4-separate-ways--1,"The mission requires secrecy. Failure is not an option.

Play as Ada Wong in this additional scenario and experience the events of Resident Evil 4 from her perspective, filling in unanswered questions posed in the main story.

In addition to the action available in the base game with Leon, a grappling gun can be used to get to various locations, as well as take down enemies from a distance and launch a ranged melee attack. This allows for a more exciting and fast-paced gameplay experience.","Before Leon S. Kennedy had even set foot in that cursed village, she was there. Her mission? The retrieval of the cult's darkest secret—the Amber.

Now she must deal with an unknown threat that is devouring her from within, an accomplice with a dark past and ulterior motives,and a chance reunion with the man she least expected—Leon S. Kennedy.

Why did she accept this mission?
And what path will she make for herself in the shadow of Leon's investigation into the abduction of the president's daughter?",,,2023-09-21 00:00:00+00,,,,,,,,87.07773755895163,49,,,88.53886877947582,52,,,,,"[1, 19, 21]",[31],,,,,,,,,co7lar,,2026-04-24 05:47:25.575857+00,0,f
200449,Off The Grid,off-the-grid--1,"Welcome to Off The Grid, the heart-pounding Extraction Royale where survival is just the beginning. Dive into a dark, cyberpunk world crafted by visionary director Neill Blomkamp (District 9) and prepare to augment, adapt, and dominate like never before!

Gear up with custom cyberlimbs and hundreds of weapon combos, modifying your body and arsenal mid-fight. Extract high-value loot, outsmart your enemies, and transform into a force of destruction. You’re not just fighting to survive—you’re fighting to be the last one standing.","Three global gaming giants have combined forces to craft the most intense, pulse-pounding experience ever conceived. This isn't just another shooter. This is the next evolution of cyberpunk warfare, imagined by visionary director Neill Blomkamp (District 9, Elysium), and it’s about to turn the genre upside down.

Gear up, Zero. Teardrop Island is waiting. This is more than a game. This is your chance to be part of something new, daring, and ground-breaking.",,,2025-07-17 00:00:00+00,,,,,,,,78.52713178294573,33,,,78.52713178294573,33,,,,,[1],[5],,,,,,,,,coaauu,,2026-04-24 05:47:25.582012+00,0,f
204381,The Plucky Squire,the-plucky-squire,Storybook characters discover a three-dimensional world outside the pages of their book and must jump between 2D & 3D realms to save their friends in this charming action-adventure.,"The Plucky Squire follows the magical adventures of Jot and his friends - storybook characters who discover a three-dimensional world outside the pages of their book.

When the malevolent Humgrump realizes he's the villain of the book - destined to lose his battle against the forces of good for all eternity - he kicks the heroic Jot out of its pages and changes the story forever.

Jot must face challenges, unlike anything he's ever seen if he is to save his friends from Humgrump's dark forces and restore the book's happy ending.",,,2024-09-17 00:00:00+00,,,,,,,,74.79122928749733,43,,,81.14561464374867,49,,,,,"[1, 17, 35]","[8, 9, 31]",,,,,,,,,co6z44,,2026-04-24 05:47:25.594976+00,0,f
164290,Frostpunk 2,frostpunk-2,"Frostpunk 2 is the sequel to the highly acclaimed, BAFTA-nominated society survival game. The age of steam has passed and now, oil leads the way as humanity’s newest salvation. However, with new threats on the horizon, the future of the city looks even grimmer than before.","Frostpunk 2 is the sequel to the highly acclaimed, BAFTA-nominated society survival game that blended city building, strategy and management gameplay, creating a brand new genre. Its successor takes place 30 years after the apocalyptic blizzard storm, and Earth is still overwhelmed by the icy climate of neverending frost and harsh weather.

You play as the leader of a resource-hungry metropolis where the expansion and search for new sources of power is an unavoidable reality. After the age of coal, conquering Frostland for the oil extraction industry is expected to be the new salvation of what’s left of humanity. However, change does not come easily, and not everyone in this new multi-layered society will welcome this new direction.

Demands and expectations of various factions will raise tensions and evoke conflicts, but will a cold-blooded rule and a Machiavellian approach to politics be necessary? As the everlasting cold continues its grip on the city and outside threats arise, you’ll need to make sure your people are united, driven, and ready for difficult, unavoidable sacrifices!",,,2024-09-20 00:00:00+00,,,,,,,,79.97506605532168,35,,,81.08753302766084,40,,,,,[21],"[13, 15, 32]",,,,,,,,,co8yrc,,2026-04-24 05:47:25.596125+00,0,f
135341,Adastra,adastra,"After being kidnapped by a wolf-like alien, a man from Earth finds himself caught up in the messy political affairs of a race that has recently lost its emperor.","",,,2020-06-12 00:00:00+00,[],"",[],[],[],[],[],98.72876321729834,13,,0,98.72876321729834,13,0,0,[1],"[1, 5]","[18, 20, 31, 42, 44]",[34],"[3, 214, 1961, 3586, 5307, 17073, 23856, 31034]",[],"[""sc8vrd"", ""sc8vre"", ""sc8vrf"", ""sc8vrh""]",[],"[""https://twitter.com/EchoTheVN"", ""https://echoproject.itch.io/adastra""]",[102577],,,co2ata,0,2026-04-24 07:47:58.805574+00,0,f
203722,Dave the Diver,dave-the-diver,"Dave the Diver is an action-adventure and management simulation game developed by Mintrocket. In the game, players control Dave, who spends his days diving into underwater environments to catch fish and gather resources, and his nights managing a sushi restaurant. The gameplay combines real-time underwater exploration and combat with restaurant management mechanics.","Former arms dealer Cobra discovers that every time he enters the Blue Hole, the ecology and terrain change, presenting a lucrative opportunity. He convinces the ever-optimistic Dave (the playable protagonist) and Bancho, a sushi chef specializing in rare sea creatures, to open a sushi restaurant nearby. While investigating the interior of the Blue Hole at the request of archaeologist Bacon, Dave finds that the descendants of ancient Sea People—who still live in the deep—are under threat. Realizing that this could be catastrophic not only for the hidden village but for the Earth itself, Dave dives deeper in search of a solution.",,,2023-06-28 00:00:00+00,,,,,,,,81.48212127771134,172,,,87.11606063885567,180,,,,,"[1, 28]","[12, 13, 31]",,,,,,,,,coaav7,,2026-04-24 05:47:25.603989+00,0,f
314252,Dying Light: The Beast,dying-light-the-beast,"Dying Light: The Beast Restored Land is a new enhanced version of the game that includes the base game, all previously released updates and the premiere Restored Land content in one package. This includes Legend Levels, New Game+, Ray Tracing, Nightmare Mode, dozens of new brutal finishers, hundreds of parkour and gameplay improvements, and numerous visual and audio enhancements - delivering new ways to experience the apocalypse.","You are Kyle Crane, the man whose selflessness during the initial virus outbreak saved many from a fate worse than death. After more than a decade in captivity, you find yourself in a world that’s changed, and not for the better. Now, you’ll need to use the survival skills that kept you alive all those years ago to save even more innocent lives.",,,2025-09-18 00:00:00+00,,,,,,,,70.05061881779595,44,,,75.81102369461226,51,,,,,"[1, 19, 21]","[12, 31]",,,,,,,,,cobv4e,,2026-04-24 05:47:25.606139+00,0,f
22788,Granblue Fantasy: Relink,granblue-fantasy-relink,A grand adventure in the skies awaits! Form a party of four from a diverse roster of skyfarers and slash—or shoot or hex—your way to victory against treacherous foes in this action RPG. Take on quests solo or with the help of others in up to 4-player co-op play!,"To the Promised Land, the Girl in Blue Appears

There exists a world where islands of all shapes and sizes float in a sea of clouds. It is a world forsaken by the gods. Once upon a time, people known as the Astrals attempted to seize control of this world with their overwhelming might,
but the citizens of the skies repelled the invaders, thus ushering in a new era of peace.

Living on a little-known island in a remote part of the skies, you find a letter left behind by your father telling you to set off for a legendary island. However, before you leave, you meet a mysterious girl named Lyria, inevitably setting the wheels of fate in motion.",,,2024-02-01 00:00:00+00,,,,,,,,82.84310441664695,42,,,83.02155220832347,47,,,,,"[1, 17]","[12, 25, 31]",,,,,,,,,co7ptq,,2026-04-24 05:47:25.611439+00,0,f
376092,Silly Survivors,silly-survivors,"Silly Survivors - a casual, pared-down roguelike where you play as an adorable but fiercely determined furry fox, armed with… a flashlight! Your mission is simple: survive waves of suspiciously silly ghosts who keep trying to get close (and pull some kind of silly stuff). Light is your main weapon.","",,,2025-10-31 00:00:00+00,[],"",[],[],[],[],[1434352],100,6,,0,100,6,0,0,[1],[],[1],[32],[],[],"[""sc10nko"", ""sc10nkw"", ""sc10nkz"", ""sc10nkp"", ""sc10nky"", ""sc10nkq"", ""sc10nkr"", ""sc10nks"", ""sc10nkt"", ""sc10nku"", ""sc10nkv"", ""sc10nkx"", ""sc10qtd"", ""sc10qte""]",[],"[""https://store.steampowered.com/app/4077800/Silly_Survivors/"", ""https://t.me/sillyworks""]",[],,,coaw90,0,2026-04-24 07:47:58.734722+00,0,f
327461,Fatal Fury: City of the Wolves - Special Edition,fatal-fury-city-of-the-wolves-special-edition,"After 26 years, FATAL FURY is back!

Contents:
- Base game
- Season Pass 1
- DLC Character 1 ""ANDY BOGARD""(Scheduled for: Summer 2025)
- DLC Character 2 ""KEN"" (Scheduled for: Summer 2025)
- DLC Character 3 ""JOE HIGASHI"" (Scheduled for: Fall 2025)
- DLC Character 4 ""CHUN-LI"" (Scheduled for: Winter 2025)
- DLC Character 5 ""Mr. BIG""(Scheduled for: Early 2026)

[Special Bonus]
- Pre-order Bonus
Early Access: 3 Days (Playable from April 21, 2025)

- DLC Costume: “FATAL FURY 2: TERRY”
* Digital Version: Bonus included if you purchase the game by April 23, 2025.
* Preorder costume bonus may be released as paid DLC in the future.","",,,2025-04-21 00:00:00+00,[1865],Special Edition,[],[],[],[],"[1233101, 1233090, 1233091, 1233092, 1233093, 1233089, 1233094, 1233095, 1233096, 1233097, 1233098, 1233099, 1233100, 1233102, 1233103]",,0,100,1,100,1,0,0,"[1, 2, 4]","[2, 4]",[1],[4],[2958],[],"[""scuzi3"", ""scuzi4"", ""scuzi5"", ""scuzhw"", ""scuzhx"", ""scuzhy"", ""scuzhz"", ""scuzi0"", ""scuzi1"", ""scuzi2""]","[""lHjjlpCoBOQ"", ""53qyNPNrksE""]","[""https://store.epicgames.com/en-US/p/garou-city-of-the-wolves-556c5a"", ""https://www.snk-corp.co.jp/us/games/fatalfury-cotw/"", ""https://store.steampowered.com/app/2492040/FATAL_FURY_City_of_the_Wolves/"", ""https://snk.fandom.com/wiki/Fatal_Fury:_City_of_the_Wolves"", ""https://store.playstation.com/en-us/concept/10009499"", ""https://www.xbox.com/en-us/games/store/fatal-fury-city-of-the-wolves---special-edition/9N7CP09C03WR""]",[325647],,,co9zs6,3,2026-04-24 07:47:58.74+00,0,f
302168,"Warhammer 40,000: Rogue Trader - Void Shadows",warhammer-40000-rogue-trader-void-shadows,"“Void Shadows” is the first DLC for Warhammer 40,000: Rogue Trader, offering a massive amount of content with about 15 hours of gameplay and a new romanceable companion.","",,,2024-09-24 00:00:00+00,[6],"",[],[],[],[],"[998770, 998772, 998773, 998774, 998775, 998776, 998777, 998771, 998779, 998780, 998781, 998782, 998783, 998784, 998778, 1138417, 1235385]",,0,100,1,100,1,0,2,"[1, 2, 3]",[3],"[18, 39]","[12, 15, 16, 24, 31, 32]",[425],[],"[""scsbik"", ""scsbil"", ""scsbim"", ""scsbin"", ""scsbio""]","[""_pwCNWrK0co"", ""iNMLdJZSrH8"", ""obmD2wU9lAs""]","[""https://www.xbox.com/en-us/games/store/warhammer-40-000-rogue-trader-void-shadows/9PNZ9J0PCV9V"", ""https://www.reddit.com/r/RogueTraderCRPG/"", ""https://www.facebook.com/owlcatgames"", ""https://discord.gg/owlcat"", ""https://x.com/owlcatgames"", ""https://www.instagram.com/owlcat_games/?hl=en"", ""https://www.youtube.com/channel/UCo1yuqm85x6iyko4dKhZPiA"", ""https://store.playstation.com/en-us/product/UP6646-PPSA15692_00-VOIDOFSHADOWSPS5"", ""https://store.steampowered.com/app/2951990/Warhammer_40000_Rogue_Trader__Void_Shadows/"", ""https://www.gog.com/en/game/warhammer_40000_rogue_trader_void_shadows"", ""https://roguetrader.owlcat.games/en"", ""https://store.epicgames.com/en-US/p/warhammer-40000-rogue-trader-warhammer-40000-rogue-trader-void-shadows-6d939b""]",[295243],,203259,co88ms,1,2026-04-24 07:47:58.743192+00,0,f
279377,Vampire Survivors: Emergency Meeting,vampire-survivors-emergency-meeting,"The Survivors are desperate to hunt vampires, but are running out of places to look. Only one option remains: Be the bullet hell... in space!

Gather your most trusted Crewmates, prepare to eject the Impostors, and try to survive while mowing down thousands of extra-terrestrial foes in this expansion for Vampire Survivors. Turn classic Among Us tasks into outrageous weapons, upgrading your abilities after every roguelite run to overcome impossible odds with ease. Be alert to subterfuge as you explore the vast weirdness of the Polus Replica and keep your wits about you, as suspicious eyes are always watching.","",,,2023-12-18 00:00:00+00,[],"",[],[],[],[],"[860668, 860669, 860670, 860671, 860672, 860673, 860674, 860675, 860676, 860677, 860678, 860679, 1113976, 1381447, 1381448]",,0,100,1,100,1,0,0,"[1, 3]",[3],[1],"[25, 32]","[416, 911]",[],"[""scptro"", ""scptrp"", ""scptrq"", ""scptrr"", ""scptrv"", ""scptrs"", ""scptrt"", ""scptru""]","[""4e1EkVaC0H8""]","[""https://store.epicgames.com/en-US/p/vampire-survivors-vampire-survivors-emergency-meeting-29e2c2"", ""https://poncle.games/"", ""https://x.com/poncle_vampire"", ""https://www.facebook.com/poncleVampire/"", ""https://www.instagram.com/poncle_games/#"", ""https://discord.com/invite/vampire-survivors"", ""https://www.youtube.com/@poncle_Games"", ""https://www.nintendo.com/us/store/products/vampire-survivors-emergency-meeting-70050000046235-switch/"", ""https://store.steampowered.com/app/2690330""]",[244865],,186725,co7gzu,1,2026-04-24 07:47:58.746769+00,0,f
269473,Resonite,resonite--1,"Enter a novel digital universe with infinite possibilities. Whether you resonate with people around the world in a casual conversation, playing games and socializing or you riff off each other when creating anything from art to programming complex games, you'll find your place here.","",,4,2023-10-06 00:00:00+00,[],"",[],[],[],[],"[808687, 808688, 808689, 808690, 808691, 808692, 808693, 808694, 808695, 808696, 808697, 808698, 808699, 808700, 808701, 808702]",100,11,,0,100,11,0,0,"[1, 2, 3]","[1, 2, 7]","[28, 33, 34]",[32],"[101, 948, 1244, 1403, 3224, 23156]","[25156, 25157, 25158]","[""scosvl"", ""scosvm"", ""scosvn"", ""scosvo"", ""scosvp"", ""scosvq""]","[""ppYPAX31Zbk"", ""I1kaE_wPuSM""]","[""https://wiki.resonite.com/"", ""https://www.reddit.com/r/resonite/"", ""https://bsky.app/profile/resonite.com"", ""https://www.youtube.com/@resoniteapp"", ""https://store.steampowered.com/app/2519830/Resonite/"", ""https://twitter.com/resoniteapp"", ""https://resonite.com/"", ""https://discord.gg/resonite"", ""https://twitch.tv/resoniteapp""]",[233180],,,co75ut,0,2026-04-24 07:47:58.749623+00,0,f
260402,Bloodthief,bloodthief,Bloodthief is an ultra-fast melee dungeon-runner where you use momentum to parkour through hazardous dungeons and brutally slash through enemies. Speed-run through medieval dungeons and castles and learn what dark secrets lie beneath the surface.,"",,,2025-09-22 00:00:00+00,[],"",[],[],[],[],"[746492, 746493, 1158013, 1158014, 1158015, 1158016, 1158017, 1158018, 1158019, 1158020, 1359325, 1359326, 1359327, 1359328, 1359329, 1359330, 1359331, 1359332, 1359333, 1402705, 1402706]",,0,100,1,100,1,0,2,[1],[1],[1],[32],"[524, 4150, 4151, 16877, 48285]",[],"[""scnst4"", ""scnst9"", ""scnstc"", ""scnstf"", ""scnsti""]","[""90GPXUZWscM"", ""MHQLPjFT6JE"", ""Sll06gaCYhY""]","[""https://www.youtube.com/@blargis3d/"", ""https://x.com/blargisdev"", ""https://discord.gg/aU5naj2fgY"", ""https://bsky.app/profile/blargis.bsky.social"", ""https://store.steampowered.com/app/2533600""]",[364781],,,co9eo5,0,2026-04-24 07:47:58.752123+00,0,f
245754,Dawnfolk,dawnfolk,"Minimalist and relaxing survival builder perfect for short gaming sessions. Rebuild and manage your realm, collect resources and decide the fate of your people. Explore the darkness and unveil the secrets of the black monoliths to bring back light to the world.","",,,2025-02-13 00:00:00+00,[],"",[],[],[],[],"[674581, 674582, 674583, 692361, 692362, 692363, 692364, 692365, 692366, 692367, 692368, 692369, 692370, 692371, 692372, 692373, 692374, 692375, 692376, 692377, 692378, 1163140, 1163141, 1163142, 1163143, 1163144, 1163145]",,0,100,1,100,1,0,3,[1],[3],[33],"[9, 12, 15, 31, 32]","[1905, 3533]",[],"[""scm4da"", ""scm4dc"", ""scm4dd"", ""scm4de"", ""scm4dg"", ""scsk9y""]","[""aaclbiv7d6Y"", ""xCB-JrcixkM"", ""rJS3GzVEB8E"", ""uP8dRlZ3Hfc"", ""BlDl5QQq2sA""]","[""https://www.nintendo.com/us/store/products/dawnfolk-switch/"", ""https://store.steampowered.com/app/2308630/Dawnfolk/"", ""https://discord.gg/QcMuWa6nKa"", ""https://www.youtube.com/@darenn-gamedev"", ""https://twitter.com/DarennKeller"", ""https://www.twitch.tv/directory/category/lueur-and-the-dim-settlers"", ""https://bsky.app/profile/darenn.bsky.social"", ""https://www.instagram.com/darennkeller/"", ""https://dawnfolk.com/""]","[298143, 298144]",,,co94jk,0,2026-04-24 07:47:58.754424+00,0,f
236970,Viticulture: Essential Edition - Tuscany Expansion,viticulture-essential-edition-tuscany-expansion,"The Tuscany Expansion includes 3 new features: An extended game board, special workers and structures. Choose which features you want to play with or simply play with all of them!","",,,2023-02-20 00:00:00+00,[],"",[],[],[],[],"[626458, 626459]",,0,100,1,100,1,0,0,"[1, 2, 4]",[],[],"[15, 32]",[],[30072],"[""scl7qy"", ""scl7qw"", ""scl7qu"", ""scl7r2"", ""scl7r1"", ""scl7r0""]",[],"[""https://store.steampowered.com/app/1941350"", ""https://digidiced.com/viticulture/"", ""https://www.twitch.tv/directory/category/viticulture-essential-edition"", ""https://discord.gg/3zsGQMCMWm""]",[286013],,135729,co8sf9,2,2026-04-24 07:47:58.756422+00,0,f
199038,San Andreas Multiplayer,san-andreas-multiplayer,SA-MP is a free Massively Multiplayer Online game mod for the PC version of Rockstar Games Grand Theft Auto: San Andreas,"",,,2006-05-09 00:00:00+00,[],"",[],[],[],[],[],98.7207313276821,16,,0,98.7207313276821,16,0,0,"[2, 3]","[2, 5]",[],"[5, 10]",[2004],[18974],"[""scgr6w""]","[""-PWXXvHe35M""]","[""https://www.sa-mp.com/"", ""https://open.mp/"", ""https://www.facebook.com/openmultiplayer"", ""https://discordapp.com/invite/samp""]",[],,732,co9puv,5,2026-04-24 07:47:58.807123+00,0,f
226995,Planet Zoo: Aquatic Pack,planet-zoo-aquatic-pack,"Expand your zoo into a marine menagerie with Planet Zoo's Aquatic Pack! Adopt five magnificent new animals including King Penguins and Giant Otters, construct beautiful scenery from 170+ new pieces, and master the aquatic-themed challenge zoo set in Oregon, USA.","",,,2020-12-08 00:00:00+00,[],"",[],[],[],[],"[229049, 229052, 229053, 229056, 229050, 229051, 229054, 229057, 229060, 229055, 229058, 229061, 229059, 229066, 229062, 229063, 229065, 229064, 229023, 229024, 229025, 229026, 229027, 229028, 229029, 229030, 229031, 229032, 229034, 229033, 229035, 229036, 229037, 229038, 229039, 229040, 229041, 229042, 229043, 229044, 229045, 229046, 229047, 229048]",,0,100,0,100,0,0,0,[1],[],[],"[13, 15]",[],[],"[""sck1rg"", ""sck1rh"", ""sck1ri"", ""sck1rj"", ""sck1rk"", ""sck1rl"", ""sck1rm"", ""sck1rn"", ""sck1ro"", ""sck1rq"", ""sck1ru"", ""sck1rs"", ""sck1rw"", ""sck1ry""]",[],"[""https://store.steampowered.com/app/1471590"", ""https://www.planetzoogame.com/""]",[208957],,117717,co6b17,13,2026-04-24 07:47:58.758187+00,0,f
163826,Blake: The Visual Novel,blake-the-visual-novel,"Graphic Novel meets Visual Novel in this sci-fi/thriller interactive story. As incriminating events start to revolve around him, experience the dark, mind-bending journey of Blake and his pivotal transformation into a vigilante.","In the perpetually rainy city of New Stone, Blake, your average office worker, finds his world turned upside down when a series of incriminating events cause him to question what to do and who he should become.",,,2021-08-31 00:00:00+00,[],"",[],[],[],[],"[318601, 318603]",,0,100,1,100,1,0,0,[1],[1],[20],[32],"[101, 134, 1136, 3534]",[],"[""scciet"", ""sccieu"", ""scciev"", ""scciew"", ""scciex""]","[""5JGzTqdjNjg""]","[""https://store.steampowered.com/app/1538680"", ""https://blakevn.wixsite.com/blakevn"", ""https://www.twitch.tv/directory/game/Blake:%20The%20Visual%20Novel""]","[147996, 147997]",,,co3mcj,0,2026-04-24 07:47:58.76056+00,0,f
145278,Arcade Spirits: The New Challengers,arcade-spirits-the-new-challengers,"Arcade Spirits: The New Challengers is the follow-up to 2019's Arcade Spirits, a visual novel of love and pixels, in which you seek friendship and romance while working in an arcade. Now the tables are turned, as you seek friendship and romance while PLAYING in an arcade!","In the distant future year 20XX, an alternate timeline where arcades never went away... you're an aspiring gamer searching for esports glory on the Fist of Discomfort 2 Pro Tour. Seeking a partner to play with, you join a team of players who hang out at Good Clean Fun, a combination pizzeria / laundromat / arcade. It's up to you to rally the team, learning more about who they are and how best to support their dreams along the way. Defeat rivals, conquer tournaments, build relationships, and uncover a strange arcade conspiracy as your team walks the road to victory!",,,2022-05-27 00:00:00+00,[],"",[],[],[],[],"[146974, 146975, 146976]",,0,100,1,100,1,0,0,[1],"[2, 4]","[27, 44]","[12, 13, 31, 32, 33, 34]",[24697],[],"[""sc974k"", ""sc974l"", ""sc974m"", ""sc974n"", ""sc974o"", ""sc974p"", ""sc974q"", ""sc974r"", ""sc974s"", ""sc974t""]","[""Qm5_GogEz4g"", ""33eEGh6TTWg""]","[""https://store.playstation.com/en-us/concept/10004297"", ""https://www.reddit.com/r/ArcadeSpirits"", ""https://store.steampowered.com/app/1484620/Arcade_Spirits_The_New_Challengers"", ""https://twitter.com/ArcadeSpiritsVN"", ""https://discord.gg/gaCcH2N"", ""https://fictionfactorygames.itch.io/arcade-spirits-the-new-challengers"", ""https://www.nintendo.com/store/products/arcade-spirits-the-new-challengers-switch/"", ""https://www.youtube.com/channel/UCxFuaOew_PN5H1gXCPHH6rw"", ""https://www.arcadespirits.com/newchallengers"", ""https://www.twitch.tv/directory/game/Arcade%20Spirits:%20The%20New%20Challengers""]","[164704, 123108, 123109]",,,co4if8,0,2026-04-24 07:47:58.763318+00,0,f
23809,Motor City Online,motor-city-online,"In this online-only game, you buy classic cars, customize their performance to your liking, and race them against opponents around the world. The game was plagued with technical issues and met its end in August 29th 2003.","",,,2001-10-29 00:00:00+00,[],"",[],[],[],[],[],,0,100,1,100,1,0,0,[],[2],[],[10],"[735, 1333, 1669, 4221, 4273, 5287, 5667, 8281, 9841, 9927]",[],[],[],"[""https://en.wikipedia.org/wiki/Motor_City_Online"", ""https://nfs.fandom.com/wiki/Motor_City_Online"", ""https://www.twitch.tv/directory/game/Motor%20City%20Online""]","[79252, 79251]",,,co7u2d,0,2026-04-24 07:47:58.765843+00,0,f
23746,EverQuest: Evolution,everquest-evolution,contains the original EverQuest game with all expansions available up to EverQuest: The Legacy of Ykesha,"",,,2003-08-25 00:00:00+00,[],"",[],[],[],[],[],,0,100,1,100,1,0,0,[5],[2],[17],[12],[],[],[],[],"[""https://gaming.fandom.com/wiki/EverQuest:_Evolution""]",[],,,co1h68,3,2026-04-24 07:47:58.767573+00,0,f
21862,Saints Row IV: Super Dangerous Wad Wad Edition (aka the Million Dollar Pack),saints-row-iv-super-dangerous-wad-wad-edition-aka-the-million-dollar-pack,"Deep Silver today unveils a very special edition of Saints Row IV. The Super Dangerous Wad Wad Edition aka The Million Dollar Pack will contain a selection of very Presidential items and activities for the ultimate Saints Row experience.

One Saints Row fan will be able to purchase this limited edition package which contains:

Saints Row IV : Commander in Chief Edition
A full sized replica Dubstep Gun
A full day of spy training
A trip to space with Virgin Galactic
One year’s membership of E25 Super Car Club and a Lamborghini Gallardo to make it worthwhile
Plastic Surgery of the purchaser’s choice
A shopping spree with a personal shopper to create the ultimate Planet Saints capsule wardrobe
7 nights for two at The Jefferson Hotel in Washington
Hostage rescue experience
A brand new Toyota Prius and insurance to give something back to the environment
7 nights stay in the Top Royal Suite at the Burj-al-arab with flights for two

The Super Dangerous Wad Wad Edition is available for pre-order through Game only, and will be delivered to the purchaser in a truly Presidential style.","",,,2013-08-20 00:00:00+00,[],Super Dangerous Wad Wad Edition (aka the Million Dollar Pack),[],[],[],[],[],,0,100,0,100,0,0,0,[1],[2],"[1, 18, 27, 33, 38]","[5, 31]",[],[],"[""vderyaord007cqj1ax6x"", ""sct3bm"", ""sct3bn"", ""sct3bo""]",[],[],"[277173, 277174]",,,co8jd4,0,2026-04-24 07:47:58.76938+00,0,f
20479,Rocket Riot,rocket-riot,"Get ready for Rocket Riot, an action-packed, side-scrolling, 8-bit shooter where the rockets and the fun never stops! With over 200 levels and over 300 characters, blowing things up has just reached a new level of awesome!","",,,2009-06-17 00:00:00+00,[],"",[],[],[],[],"[121574, 121576, 121578, 121580, 121582, 121584, 121585, 121586, 121587, 121588, 121590, 121591, 121589, 121592, 121593, 121594, 121595, 121596, 121597, 121598]",,0,100,2,100,2,0,0,[1],[],"[1, 27]","[5, 14, 32, 33]","[3, 4, 26, 27, 137, 164, 575, 595, 1293, 2115, 3831, 4134, 4210, 4465, 4510, 4869, 4890, 5311, 5450, 5453]",[],"[""rsbxpefbnpn02ujxwxdp"", ""vhsteznjkunlwobcti30"", ""hcys3xoitbetqgue2lfc"", ""zagm67dbou3namrq5e5f"", ""akzt7nqsrzrohislpq11""]",[],"[""http://www.RocketRiot.com/"", ""https://store.steampowered.com/app/460190"", ""https://www.twitch.tv/directory/game/Rocket%20Riot""]",[67249],,,eybxknbmnu2wegshdn5k,0,2026-04-24 07:47:58.771259+00,0,f
11013,Trainz Railroad Simulator 2004,trainz-railroad-simulator-2004,"In this 3D railroad simulator, you can operate locomotives from the golden age of steam to the modern present in realistic scenarios, to move goods and resources from one place to another and keep the wheels of industry turning. You are in charge of every aspect of the process: complete control over the orders of the drivers, limits for the transportation process, the movement of the passengers and freight and a custom scripted system to create your own rules.","",,,2003-12-31 00:00:00+00,[],"",[],[],[],[],[],,0,100,1,100,1,0,0,[1],"[1, 2, 3]",[],[13],[],[],"[""sc6d86"", ""sc6d84"", ""sc6d85""]",[],"[""https://www.twitch.tv/directory/game/Trainz%20Railroad%20Simulator%202004""]","[45050, 45049]",,,co8hk5,0,2026-04-24 07:47:58.773031+00,0,f
10250,Droplitz,droplitz,"Immerse yourself in an addictive puzzler that's all about strategically twisting and connecting mismatched dials to save precious Droplitz. Just making a single junction is child's play. Can you master the art of the combo, or will you let your pipes runneth over? Be warned! Losing too many droplitz can be hazardous to your ability to win. With four unique play modes, a variety of board sizes, and infinite replayability, Droplitz promises to drain all your time away.","",,,2009-06-24 00:00:00+00,[],"",[],[],[],[],[957272],,0,100,2,100,2,0,0,[1],[1],[34],[9],"[1158, 1293, 2141, 4004, 4134, 4510, 4544, 5450, 5523, 5653, 7417]",[],"[""egivjovpamy1ssf9b6hj""]","[""x8IWGyXmyeA""]","[""https://www.twitch.tv/directory/game/Droplitz""]","[260471, 260472]",,,co60js,0,2026-04-24 07:47:58.775152+00,0,f
9186,Robotron X,robotron-x,"The arcade classic is taken to the next level, this time in 3D. The super-enhanced hero Ugene is once again called into action to save the last human family against the hordes of relentless Robotrons. Battle through 100 different levels, gaining new power-ups and abilities as Ugene survives wave after wave of the unrelenting hordes. While Ugene may face the familiar Robotrons, there will be new additions and tricks that the killer robots will use against the last surviving human family. Ugene must protect them at all cost while racking up the highest possible score!","",,,1996-11-30 00:00:00+00,[],"",[],[],[],[],[],,0,100,1,100,1,0,0,"[1, 2]",[3],"[1, 18]",[5],"[3, 2152, 4359, 7568, 11215]",[],"[""scwcsg"", ""scwcsh"", ""scwcsi"", ""scwcsj"", ""scwcsk""]","[""34ctOKN8YKM""]","[""https://www.twitch.tv/directory/game/Robotron%20X"", ""https://en.wikipedia.org/wiki/Robotron_X""]","[316323, 316324, 316325, 316326]",,,co9p2m,0,2026-04-24 07:47:58.776894+00,0,f
145445,Arches,arches,"In this visual novel, boyfriends Cameron and Devon investigate the supposedly haunted ghost town of Echo in search of an explanation of its troubled past.","",,,2024-10-07 00:00:00+00,[],"",[],[],[],[],[],99.96894409937887,5,,0,99.96894409937887,5,0,0,[1],[5],"[19, 20, 42]","[32, 34]","[131, 3586, 17073]",[],"[""sc9d42"", ""sc9d43"", ""sc9d44""]",[],"[""https://echoproject.itch.io/arches""]",[293707],,,co2x5e,0,2026-04-24 07:47:58.77833+00,0,f
62466,Bubsy 3D: Bubsy Visits the James Turrell Retrospective,bubsy-3d-bubsy-visits-the-james-turrell-retrospective,A web-based 3D experience and homage to both art and Bubsy.,"",,,2013-10-04 00:00:00+00,[],"",[],[],[],[],[],99.73226487762454,8,,0,99.73226487762454,8,0,0,[],[2],"[19, 27]",[8],"[16, 669, 992, 1603, 2004, 2921, 4297, 4359, 4484, 5436, 7410, 24124]",[],"[""cmbhuvyuwneyt8nsdzsx""]",[],"[""https://www.twitch.tv/directory/game/Bubsy%203D:%20Bubsy%20Visits%20the%20James%20Turrell%20Retrospective"", ""http://bubsy3d.com/""]",[76383],,,co2htw,0,2026-04-24 07:47:58.779603+00,0,f
256090,Blood on the Clocktower,blood-on-the-clocktower--4,"Blood on the Clocktower is a game of murder and mystery, lies and logic, deduction and deception for five-to-twenty courageous players and one devious storyteller.

A social game played in person or online, seated in a circle, each player receives either a ‘good’ or ‘evil’ token with their unique character on it. Good players share information to solve the mystery whilst evil players lie about who they are and what they know. The good team wins if they can piece together their knowledge, trust each other, and execute the demon. The evil team wins if the demon can sow distrust, evade detection, and wipe out the village.","",,,2022-08-30 00:00:00+00,[],"",[],[],[],[],[723302],99.72427375677006,16,,0,99.72427375677006,16,0,0,[2],"[1, 3]","[21, 43]","[12, 15, 32, 35]","[16875, 25221]","[27859, 27860]",[],"[""bPma07qBlNQ""]","[""https://www.twitch.tv/thepandemoniuminstitute"", ""https://bloodontheclocktower.com/"", ""https://www.youtube.com/@BloodontheClocktower"", ""https://www.reddit.com/r/BloodOnTheClocktower/"", ""https://www.facebook.com/BloodOnTheClocktower/"", ""https://twitter.com/bloodclocktower?lang=en"", ""https://www.instagram.com/bloodontheclocktower/?hl=en""]",[222291],,,co6q6z,0,2026-04-24 07:47:58.781117+00,0,f
202313,Mass Effect: Genesis 2,mass-effect-genesis-2,"Mass Effect: Genesis 2 is an ""interactive backstory comic"". It is an updated version of Mass Effect: Genesis, which was originally created for Mass Effect 2. Genesis 2 fills the role of Mass Effect and Mass Effect 2 for new players to the series, introducing them to the story of the first two games in the Mass Effect trilogy and allowing them to make some of the major plot decisions that players could make by playing through the previous games. The player is prompted to begin Genesis 2 after character creation, but using it is optional. There are two versions of the comic, one each for a male and female Commander Shepard.","",,,2013-04-02 00:00:00+00,[1048],"",[],[],[],[],[],99.62150276908014,6,,0,99.62150276908014,6,0,0,[1],[1],"[1, 18, 31]",[34],[],[],"[""scmghk"", ""scmghl"", ""scmghm""]",[],"[""https://masseffect.fandom.com/wiki/Mass_Effect:_Genesis_2"", ""https://steampowered.com/app/1238030"", ""https://en.wikipedia.org/wiki/List_of_Mass_Effect_3_downloadable_content""]","[171919, 171920, 171918]",,75,co5rwo,1,2026-04-24 07:47:58.782995+00,0,f
112659,Batman: Arkham Collection,batman-arkham-collection,"Batman: Arkham Collection includes the definitive versions of Rocksteady's Arkham Trilogy games, including all post-launch content, in one complete collection.

Batman: Arkham Asylum and Batman: Arkham City have been remastered with updated visuals. The collection is completed by Batman: Arkham Knight.","Batman: Arkham Asylum
The game begins with Batman escorting the Joker in the Batmobile to Arkham Asylum after catching him at Gotham City Hall.

The situation at City Hall took place at the exact same time as a 'mysterious fire' at Blackgate Prison, causing many of the prisoners to be sent to Arkham, among them a great number of Joker's own gang. When the two arrive at Arkham, Batman and several helmeted security guards strap the Joker to an upright stretcher and wheel him down into the Intensive Treatment Center. Batman accompanies the security personnel and the Joker to the Holding Cells, where the Arkham staff refuse to let Batman go any further. As the Joker is being registered into the Cell Block by Commissioner Gordon, he breaks free from a guard and escapes from Batman with the help of Harley Quinn. Batman, who is locked out of the area, breaks into the Holding Cells through a glass window. Once Batman is inside the Holding Cells area the Joker springs his first trap, unlocking the cells and allowing Blackgate convicts to flood out to attack Batman. After another brief confrontation with more convicts, the Joker deactivates a security gate, allowing Batman to follow after him despite Commissioner Gordon's observation that it was most likely a trap. Batman moves up a ramp in the direction of the Joker's escape, leaving the Holding Cells and entering the Processing Corridor, finding the hallway littered with fallen security guards the Joker left in his wake. He found one guard that had survived named Eddie Burlow, who points him to the Lower Corridor. Batman reaches the Patient Pacification Chamber, where two security guards inform him that escaped inmate Victor Zsasz has taken another guard, Mike, hostage and will kill him if he sees Batman get close to him. Batman subsequently subdues Zsasz after swooping down from a gargoyle. All of a sudden, Batman receives a message from Harley Quinn, who has taken Quincy Sharp, the warden, hostage. Although Quinn is convinced Batman is trapped in Patient Pacification, Batman escapes back to the Processing Corridor, moving into the Decontamination area, where several Arkham personnel and inmates were trapped in a room filling with Joker Toxin.

Batman: Arkham City
Prologue
New Arkham City inmate and rising warlord, Two-Face devises a plan to publicly execute fellow prisoner Catwoman after she tries to steal back some of her ill-gotten gains from his hideout. Meanwhile, Gotham City itself has degenerated into a police state managed by Mayor Sharp, where citizens with the slightest trace of a criminal record find themselves shipped to the prison district. Those who dare to challenge Sharp's policies are the target of arranged disappearances, becoming political prisoners trapped behind Arkham's walls. Among these is Bruce Wayne, who holds a rally attacking the proposal of turning half his city into a walled-off reserve for criminally inclined persons. Segregated from society, he argues, they have become responsible for their own survival in an anarchic urban hell which is characterized by bloody gang wars.

Welcome to Arkham City
Wayne, as the latest focus of Sharp's vendetta, is kidnapped by TYGER Security operatives working for Hugo Strange, who is privy to his dual identity as Batman. Strange intends to unveil new plans for Arkham City before the night is up, an operation codenamed Protocol 10, which will establish himself as supreme ruler of Gotham. Now an inmate, the Dark Knight manages to have Alfred Pennyworth deliver his crimefighting equipment to him directly via an airdrop, and he prepares to save Catwoman from Two-Face for the sake of their past relationship while uncovering the true nature of Protocol 10.

Batman: Arkham Knight
Prologue
Nine months after the |Joker's death, crime rates in Gotham City have dramatically declined, but Batman anticipates a new threat and maintains a vigil over the city. Before his death, the Joker sent his mutated blood to Gotham's hospitals, and several patients were infected. While most were cured, the patients who were not treated are starting to look and act like the Joker. Batman researches a cure for the mutations, and orders Robin to watch over the infected.

The Arkham Knight
On Halloween night, Scarecrow unleashes his newest strain of Fear Gas in a diner, and threatens to release it throughout Gotham. Six million civilians are evacuated, but the city's criminals and supervillains stay behind, leaving Commissioner James Gordon and the Gotham City Police Department outnumbered. Batman investigates Scarecrow's presence, and searches for him in a rooftop safehouse, but instead finds and saves Poison Ivy, who was being held captive by Scarecrow's henchmen. In a makeshift Batcave in Gotham's Clock Tower, Barbara Gordon is collecting information on Scarecrow's new toxin, and traces its production to Ace Chemicals. Batman goes to investigate, but is confronted by the mysterious ""Arkham Knight"" and his militia, which has a massive army of unmaned tanks. Batman fights his way through the militia, learning from workers that Scarecrow is planning to produce a chemical explosion so large that it will cover the entire eastern seaboard in fear toxin. Batman reaches Scarecrow, who reveals to him that Barbara has been abducted by the Arkhan Knight before escaping. While reducing the blast radius, Batman is exposed to the fear toxin, which reacts with his own mutated blood to cause hallucinations of the Joker. Escaping from the exploding Ace Chemicals, Batman is forced to tell Gordon about his daughter's involvement in his crime-fighting, and the outraged Gordon swears that he will find Barbara without Batman's help.

Scarecrow's Plans
Batman tracks the Arkham Knight to an underground tunnel network, hoping to learn Barbara's whereabouts from him, but instead gets ambushed by him. Batman then gives chase to the escaping convoy, only to learn that the driver is a decoy, using a voice synthesizer that makes him sound like the Arkham Knight. Batman interrogates the driver and learns that they are heading to the North Refrigeration. He and Nightwing interrogate the Penguin, who tells them that the Knight and Scarecrow are meeting with a businessman named Simon Stagg, who runs a pharmaceutical company. After boarding Stagg's airship, Batman discovers that Scarecrow paid Stagg to create a device known as the ""Cloudburst"", but Stagg tried to double-cross them and has been doused with fear toxin as punishment. After reaching Scarecrow and interrogating Stagg, Batman is again exposed to the toxin, which triggers a powerful hallucinogenic response. Scarecrow escapes with the Cloudburst. Batman receives a message from Scarecrow revealing that Barbara is in the same safehouse where Ivy was held, but before Batman can save her, Barbara is doused with fear toxin and shoots herself in the head. Batman and Alfred Pennyworth are devastated, but Alfred convinces Batman to not lose hope, for Barbara's sake. Alfred explains to Batman that the Cloudburst is a dispersal device designed to flood all of Gotham with the fear toxin. To counteract this effect, Batman enlists the help of Ivy, who takes control of a large tree which develops giant flowers capable of neutralizing the toxin.",,,2018-11-27 00:00:00+00,"[5, 44]","",[],[],[],[],[],99.56652611170188,25,,0,99.56652611170188,25,0,0,[1],[2],"[1, 20, 23, 31, 38]","[25, 31]","[1868, 2777, 4142, 4310]",[],"[""sc8jhx"", ""sc8jhy"", ""sc8jhz"", ""sc7hyb"", ""sc7hy9"", ""sc7hya""]",[],"[""https://www.xbox.com/en-us/games/store/batman-arkham-collection/C4H36B87SVL1"", ""https://arkhamcity.fandom.com/wiki/Batman:_Return_To_Arkham"", ""https://www.youtube.com/channel/UCzi3f1gdbL-rDLUHFxq1GpA"", ""https://www.facebook.com/BatmanArkham"", ""https://twitter.com/BatmanArkham"", ""https://www.instagram.com/batmanarkham"", ""https://www.reddit.com/r/BatmanArkham"", ""https://en.wikipedia.org/wiki/Batman:_Arkham"", ""https://store.steampowered.com/sub/320795/"", ""https://rocksteadyltd.com/#arkham-knight""]","[107496, 107497, 107498, 107499]",,,co8wgm,3,2026-04-24 07:47:58.785014+00,0,f
10496,Wizardry: Bane of the Cosmic Forge,wizardry-bane-of-the-cosmic-forge,"Ten years ago, Wizardry set the standards in Fantasy Role-Playing (FRP). Now after two million copies have been sold and dozens of awards have been won, Bane of the Cosmic Forge raises and redefines those standards. This new Wizardry , the truest simulation ever of Fantasy Role Playing, will push your computer, your mind, and your sense of adventure to their very limits. Only through the power of the latest computer technology could the full dimensions of this new genre in FRP be possible.","Llylgamyn is not what it once was.

The kingdom has fallen and its people have moved on.

Five generations after the defeat of the Maelstrom a new King was born. So loved was he that the royal family was once again granted merit in the political system of Llylgamyn. Eventually the council decided to dissolve and to restore exclusive rulership royal family.

It was not long for the true colors of the King to shine through. Rumors quickly spread throughout the kingdom of his alliance with demonic beings, and his dabble in the dark arts. His queen was whispered to be a perverse harlot, torturing men of the kingdom for her own pleasure. In an attempt to gain more power, the King joined forces with an unknown wizard. Together they began to wage magical war on other planes of existence. During one of their battles they became aware of an artifact of amazing power.

The Cosmic Forge.

The Cosmic Forge is a magical pen of divine power. No one is sure of it's origin, but it is said then whatever words were written with the pen would we woven into the fabric of the universe, and thus would become reality.

The King and the Wizard managed to obtain the pen, they scripted things so unspeakable that no man can attempt to even imagine the horrors. Fortunately the two soon became jealous of the power that they had discovered, and they engaged each other in an epic battle.

Legends say that the lights of magic could be seen flashing in the windows of the castle, and the very ground shook. Eventually everything fell quiet, and neither the King nor the wizard were seen again.

That was nearly one hundred and twenty years ago. The kingdom is no more, it's name is remembered by very few. No one know what happened to the king, the wizard, or the pen. But now, a group of adventurers is about enter the ancient castle, and all that is about to change....",,,1990-05-21 00:00:00+00,[73],"",[],[],[],[],"[51090, 51091, 514896, 514893, 514894, 514895]",99.53891576481203,17,,0,99.53891576481203,17,0,0,[1],[1],[17],"[12, 31]","[2472, 9637, 25963, 29745, 39911]",[],"[""qsazyxjgzu6drkqrdgkt"", ""lhvkgdk1xjocvwmgp2os""]",[],"[""https://store.steampowered.com/app/245410"", ""https://www.gog.com/game/wizardry_6_7"", ""https://www.twitch.tv/directory/game/Wizardry:%20Bane%20of%20the%20Cosmic%20Forge"", ""https://www.reddit.com/r/wizardry"", ""https://en.wikipedia.org/wiki/Wizardry_VI:_Bane_of_the_Cosmic_Forge"", ""https://www.youtube.com/channel/UCYP65R0OXplZf6va6lxrC1A/home"", ""http://www.nightdivestudios.com/games/wizardry-6/?utm_source=steampowered.com&amp;utm_medium=product&amp;utm_campaign=website%20-%20wizardry%206"", ""https://wizardry.fandom.com/wiki/Wizardry_VI:_Bane_of_the_Cosmic_Forge""]","[155472, 162187, 162188, 162189]",,,co285x,0,2026-04-24 07:47:58.787283+00,0,f
47304,American Chopper,american-chopper,"Be hired into the shop of the hit TV series American Chopper. Here's your chance to ride the bikes built by the Teutuls. Choose from the POW/MIA Bike, Jet Bike, Black Widow Bike, and others. You're also sent on missions to create your very own, original themed chopper that rivals those built by Paul Sr. and Paul Jr. Experience first-hand all of the hard work, drama, and thrill of creating one of the most beautiful bikes on the road today.","",,,2004-12-22 00:00:00+00,[],"",[],[],[],[],[],99.45762711864407,49,,0,99.45762711864407,49,0,0,[],[],[1],[10],"[4142, 4205]",[],[],"[""wmf8bKGnlZg""]","[""https://en.wikipedia.org/wiki/American_Chopper"", ""https://www.twitch.tv/directory/game/American%20Chopper""]",[],,,cobouw,0,2026-04-24 07:47:58.789045+00,0,f
238878,Dr. Robotnik's Ring Racers,dr-robotniks-ring-racers,"Dr. Robotnik's Ring Racers is a kart racing video game originally based on the 3D Sonic the Hedgehog fan-game ""Sonic Robo Blast 2"", which itself is based on a modified version of Doom Legacy. It is the sequel to Sonic Robo Blast 2 Kart.

Hang up your sneakers, because Dr. Robotnik and his ex-enemies are going go-karting! Use the untapped potential of rings to super-charge your vehicle across more than 200 crazy courses. With over 20 unique items and some of the hottest moves on this side of the Floating Island, this is Racing at the Next Level!","",,,2024-04-24 00:00:00+00,[],"",[],[],[],[],[908150],99.4303858366208,9,,0,99.4303858366208,9,0,1,"[1, 2, 4]",[2],[1],[10],"[280, 589, 1375, 2004, 17195, 23567, 24124, 38275, 42245]","[28024, 28022, 28023]","[""sclfj9"", ""sclfja"", ""sclfjb"", ""scqngs"", ""scqngt"", ""scqngr"", ""scs3l4""]","[""4lwhzgDbMk4"", ""w1SfxElpijY"", ""KvAJCrdhrrQ""]","[""https://discord.gg/invite/WJmqDtN"", ""https://twitter.com/KartKrewDev"", ""https://www.youtube.com/@KartKrewDev"", ""https://www.kartkrew.org/""]",[253976],,95508,co85ae,12,2026-04-24 07:47:58.790458+00,0,f
214973,The Zachtronics Solitaire Collection,the-zachtronics-solitaire-collection,"The Zachtronics Solitaire Collection is here! Inside you will find all seven Zachtronics solitaire games, updated with new 4K graphics, plus one brand new Tarot-themed solitaire variant only available here.","",,,2022-09-06 00:00:00+00,[],"",[],[],[],[],[384301],99.39938587205418,5,,0,99.39938587205418,5,0,0,[1],[3],[],"[9, 32, 35]","[1372, 41594]",[],"[""scik0h"", ""scik0g"", ""scik0f"", ""scik0i"", ""scik0k"", ""scik0l"", ""scik0m"", ""scik0j""]","[""O4-fywWcWLE""]","[""http://itunes.apple.com/us/app/id6443640233#?platform=iphone"", ""https://www.twitch.tv/directory/game/The%20Zachtronics%20Solitaire%20Collection"", ""https://www.gog.com/game/the_zachtronics_solitaire_collection"", ""https://store.steampowered.com/app/1988540/The_Zachtronics_Solitaire_Collection"", ""https://zachtronics.itch.io/the-zachtronics-solitaire-collection"", ""https://www.zachtronics.com/solitaire-collection"", ""https://play.google.com/store/apps/details?id=com.zachtronics.solitaire"", ""http://itunes.apple.com/us/app/id6443640233#?platform=ipad""]",[296072],,,co55cz,3,2026-04-24 07:47:58.792427+00,0,f
264773,Lizards Must Die,lizards-must-die,The great exploits of the Ancient Rus in the war with the lizards. Immerse yourself in the world of Hyperborea and defeat hordes of Lizards and other unholy who encroached on holy places Ancestors. Choose a blessed hero and go save the world from the green plague.,"",,,2023-09-27 00:00:00+00,[],"",[],[],[],[288903],"[788910, 788911, 788912, 788913, 788914, 838746, 927537, 927538, 927539, 927540, 927541, 927542]",99.38673726987254,15,,0,99.38673726987254,15,0,0,"[1, 2, 3]",[2],"[1, 17, 18, 27]","[25, 32]","[3, 1286, 1638, 2096, 2807, 24688, 32709, 41536, 44050, 44051]",[],"[""scob9z"", ""scoba0"", ""scoba3"", ""scoba8"", ""scoba9"", ""scobad"", ""scobaj"", ""scob9v""]",[],"[""https://vk.com/thebratans"", ""https://www.youtube.com/channel/UCkXLPagiayN-E_BwsrSPGCw"", ""https://store.steampowered.com/app/2532550"", ""https://discord.gg/invite/Bm4M5MHwhR""]","[232021, 280649, 280650]",,,co7888,0,2026-04-24 07:47:58.794333+00,0,f
279884,Baldur's Gate 3: Digital Deluxe Edition,baldurs-gate-3-digital-deluxe-edition,"The Digital Deluxe Edition upgrade content includes in-game cosmetics, such as a unique custom dice skin to show off to your friends, as well as practical in-game items such as the Mask of the Shapeshifter from Divinity: Original Sin 2.

Listen to the magical music of Borislav Slavov’s Original Soundtrack for Baldur’s Gate 3 or even pick up a pen and play D&D as one of our Origin characters with the handy printable pre-made character sheets. There’s plenty to get stuck into, in and outside of the game.","",,,2023-08-03 00:00:00+00,[],Digital Deluxe Edition,[],[],[],[],"[863636, 863637, 863616, 863618, 863620, 863622, 863623, 863624, 863626, 863627, 863629, 863630, 863631, 863632, 863633, 863634, 863635, 863611, 863615, 863617, 863619, 863621, 863625, 863628, 863612, 863613, 863614]",99.33126598850409,7,,0,99.33126598850409,7,0,0,"[1, 2, 3, 4]",[3],"[1, 17]","[12, 15, 16, 24, 31]",[],[31621],"[""scupek"", ""scupej"", ""scv5q0"", ""scv5q2"", ""scv5q4"", ""scv5q3"", ""scv5q1""]","[""jNY7AEQ59-8"", ""OcP0WdH7rTs"", ""o5xpbAsly48"", ""tavPnYeFrV4"", ""Ks-KF9iueE0"", ""zTX79cgruXE"", ""XuCfkgaaa08""]","[""https://www.xbox.com/en-us/games/store/baldur's-gate-3---digital-deluxe-edition/9N4WFSL71XXZ"", ""https://baldursgate3.game/"", ""https://www.gog.com/en/game/baldurs_gate_3_digital_deluxe_edition_upgrade"", ""https://store.steampowered.com/app/2378500/Baldurs_Gate_3__Digital_Deluxe_Edition_DLC/""]",[298804],,,co9bc5,0,2026-04-24 07:47:58.796536+00,0,f
136482,Undertale Yellow,undertale-yellow,"Welcome to Undertale Yellow. In this fan made prequel to the RPG Undertale, you control a human who falls underground into the world of monsters... but will you make it out alive?

Grab your cowboy hat and your gun and take the place of Undertale’s Yellow soul in their journey through the Underground on an original adventure.","When a child named Clover sets out on a mission, they find themself deep within the Underground. In this foreign land, monsters lurk around every corner, but are they friend or foe?",,,2023-12-09 00:00:00+00,[],"",[],[],[],[],"[1035905, 1035906, 1035907]",99.21104585102367,25,,0,99.21104585102367,25,0,0,[1],[3],"[17, 27, 31]","[12, 16, 31, 32]","[2004, 25436, 27216, 31036]",[],"[""sc8gsw"", ""sc8gsx"", ""sc8gsy""]","[""Vru1B9snXoo"", ""POm2vYOz-9A"", ""OLcWNk-4HJw"", ""pr4OTPFtLrA""]","[""https://undertaleyellow.wiki.gg/"", ""https://www.twitch.tv/directory/category/undertale-yellow"", ""https://www.youtube.com/@UndertaleYellowOfficial"", ""https://www.reddit.com/r/UndertaleYellow/"", ""https://bsky.app/profile/undertaleyellow.bsky.social"", ""https://gamejolt.com/games/UndertaleYellow/136925"", ""https://twitter.com/UndertaleYellow"", ""https://en.wikipedia.org/wiki/Undertale_Yellow""]",[232886],,,co2el1,0,2026-04-24 07:47:58.79857+00,0,f
50261,Angband,angband,"Angband is an open-source roguelike, the goal of which is to survive 100 floor levels of the fortress Angband in order to defeat Morgoth.

The player begins in a town where they can buy equipment before beginning the descent. Once in the maze-like fortress, the player encounters traps, monsters, equipment, and hidden doors. With the help of found objects and enchantments, the player's attack and defense power increases, and can even neutralize specific attacks.

Angband gameplay emphasises combat and careful resource management. The player has finite health points, and death is final. Although Angband records the player's progress to a save file, it does not allow one to resume a saved game in which the player character has already died. If the player overcomes Morgoth on the 100th floor, the game continues, and the player may continue descending to further floors. The levels are procedurally generated, allowing for a unique game in every play.","",,,1993-04-11 00:00:00+00,[],"",[],[],[],[],[1034254],99.07182326765032,10,,0,99.07182326765032,10,0,3,[1],"[3, 5]",[17],"[12, 25]","[72, 416, 490, 525, 578, 603, 604, 1513, 2385, 24124]",[],"[""o8tuhk3dlenssa6gzhe8"", ""nh79pvp7wpysgetuisl6"", ""kuxy1hu01dd30t6ustfs""]",[],"[""http://rephial.org/"", ""https://en.wikipedia.org/wiki/Angband_(video_game)"", ""https://www.reddit.com/r/angband"", ""https://www.twitch.tv/directory/game/Angband""]",[],,139345,co5ute,12,2026-04-24 07:47:58.80026+00,0,f
141229,Terraria: Calamity Mod,terraria-calamity-mod,"The Calamity Mod is a large content mod for Terraria which adds many hours of endgame content and dozens of enemies and bosses dispersed throughout the vanilla game's progression. The Calamity Mod also features several harder difficulty modes, five new biomes and new structures, a new class, more than thirty new songs, over fifty recipes for previously uncraftable vanilla items and other assorted changes to vanilla gameplay.","",,,2016-06-01 00:00:00+00,[],"",[],[],[],[],[],99.0430413447168,12,,0,99.0430413447168,12,0,0,"[1, 2, 3]",[4],"[1, 18, 19, 21, 33, 38]","[8, 12, 13, 15, 31, 32]","[2004, 2792]",[12547],"[""sc12lww"", ""sc12lwx"", ""sc12lwy"", ""sc12lwz"", ""sc12lx0"", ""sc12lx1""]","[""R9wYNI5y7bw"", ""oQ74IZaj5Q8""]","[""https://discord.gg/calamity"", ""https://steamcommunity.com/sharedfiles/filedetails/?id=2824688072"", ""https://calamitymod.com/"", ""https://calamitymod.wiki.gg/wiki/Calamity_Mod_Wiki""]",[],,1879,cobryq,5,2026-04-24 07:47:58.801828+00,0,f
11226,Anstoss 3,anstoss-3,"2000 wurde mit Anstoss 3 die zweite Fortsetzung veröffentlicht. Innerhalb eines Jahres verkaufte es sich mehr als 200.000 Mal. Von den Spielemagazinen wurde es mit guten Wertungen bedacht (z. B. PC Player 87 %, Gamestar 88 %, PC Games 86 %).
Jedoch war es zu Beginn geradezu gefüllt mit Bugs, was von der Spielergemeinde kritisiert wurde. Dennoch wurde es von den Anstoss-Fans mit Begeisterung aufgenommen, da es die wichtigsten Elemente von Anstoss 2 Gold enthielt und diese noch weiter vertiefen konnte.
Als besonders gelungen gilt die 3D-Spieldarstellung. Der Spieler konnte sich ein komplettes Spiel seines Teams reduziert auf neun Minuten ansehen. Auch der Szenenmodus galt als revolutionär, da die Szenen nicht, wie in den Vorgängerteilen, vorberechnet wurden. Kommentiert wurden die Spielszenen durch den bekannten Fußballkommentator Günther Koch.
Auch neu war die Umsetzung des Vereinsgeländes. Von Apfelbäumen über Konditionsparcours und Doping-Labor bis hin zu Wolkenkratzern konnte der Spieler sein Vereinsgelände mit Gebäuden, Gegenständen und Lebewesen mit und ohne Nutzen erweitern.
Mit der Veröffentlichung des finalen Patches auf Version 1.40 wurde es nahezu bugfrei und konnte die Anstoss-Spieler überzeugen. Insgesamt wurden bis heute über eine Million Exemplare von Anstoss 3 verkauft und machen es damit zu einem der erfolgreichsten PC-Spiele Deutschlands. Trotz seines Alters wird Anstoss 3 durch die große Spieltiefe zusammen mit einem gelungenen Text- und 3D-Modus als bester Teil der Anstoss-Reihe angesehen. Dass Anstoss 3 auch heute noch sehr beliebt ist, hängt auch mit dem Multiplayermodus zusammen. So wird es bis zu 4 Spielern ermöglicht, im Netzwerk gegeneinander anzutreten.","",,,2000-06-01 00:00:00+00,[],"",[],[],[],[],"[486440, 486442]",98.75213014586579,14,,0,98.75213014586579,14,0,0,"[1, 2]",[5],[28],"[13, 14]","[1511, 1626]",[],"[""scb1xt"", ""scb1xv"", ""scb1xw"", ""scb1xx"", ""scb1xu""]","[""cTZ7RNaWKbk""]","[""https://de.wikipedia.org/wiki/Anstoss"", ""https://www.gog.com/game/anstoss_3"", ""https://www.twitch.tv/directory/game/Anstoss%203""]",[24362],,,co7ky3,0,2026-04-24 07:47:58.80369+00,0,f
143761,Pokémon Infinite Fusion,pokemon-infinite-fusion,"Pokémon Infinite Fusion is a fangame RPG based on the Pokémon fusion generator trend, featuring sprite art from many different artists.

With thousands of fusions available, even Professor Oak doesn't expect you to ""catch 'em all""!","In this version of ""Pokémon Red and Blue"" Silph Co. has released a new creation called the DNA Splicers, allowing trainers to combine two Pokémon together into a new one that combines their stats, types, abilities, and available moves.",,,2015-04-22 00:00:00+00,[],"",[],[],[],[],[],98.4708050193513,21,,0,98.4708050193513,21,0,0,[1],[3],"[1, 17, 35]","[12, 31, 32]","[2004, 2399, 24124, 25963, 27216]",[],"[""scnylm"", ""scnyln"", ""scnylo"", ""scnylp""]",[],"[""https://discord.gg/vY8Y2m2"", ""https://infinitefusion.fandom.com/"", ""https://www.pokecommunity.com/showthread.php?t=347883"", ""https://www.twitch.tv/directory/game/Pok%C3%A9mon%20Infinite%20Fusion"", ""https://www.reddit.com/r/PokemonInfiniteFusion/""]",[],,,co7k5u,0,2026-04-24 07:47:58.808993+00,0,f
297623,ITGmania,itgmania,"ITGmania is a cross-platform rhythm game and engine. Similar to Dance Dance Revolution, it is often played with dance mats or pads. Although originally created to simulate the now defunct game, In The Groove, it has since grown to be a completely community driven effort providing regular new content and updates.","",,,2022-06-12 00:00:00+00,[],"",[],[],[],[],"[1100752, 1100753, 1100755, 1100756, 1100754, 1100758, 1100757, 976467]",98.4,6,,0,98.4,6,0,0,"[1, 2, 4]",[],[40],"[7, 33]",[19205],[],"[""scu3pk"", ""scu3pl"", ""scu3pm""]",[],"[""https://twitter.com/teejusb"", ""https://www.itgmania.com/""]",[],,51311,co8wsz,12,2026-04-24 07:47:58.811185+00,0,f
115776,Gwent: Crimson Curse,gwent-crimson-curse,"Along with a multitude of new tools for waging war, Crimson Curse introduces over 100 cards across all of GWENT’s playable factions. Players will be able to afflict the enemy with Poison and Bleeding, use Shield and Vitality to defend against incoming damage, as well as attempt to turn the tide of battle using the Deathblow and Berserk gameplay mechanics.

As always, every card comes in both a standard version and a premium animated variant — one of the hallmark features of GWENT’s presentation.","Dettlaff van der Eretein, the mighty higher vampire gamers first met in The Witcher 3: Wild Hunt — Blood and Wine, is summoning his kin. As the Moon over the Witcher world turns red, new breeds of monsters awake, new villains emerge, and new heroes rise to answer the call.",,,2019-03-28 00:00:00+00,[452],"",[],[],[],[],[],98.39161974683358,14,,0,98.39161974683358,14,0,0,"[1, 2]",[3],[17],"[15, 35]",[],[],"[""sc7qzb"", ""sc7qz8"", ""sc7qz9"", ""sc7qza"", ""sc7qzd"", ""sc7qzc"", ""sc7qze""]","[""QqmLAEEOrSQ"", ""u_uNNlXNXmw""]","[""https://www.twitch.tv/cdprojektred"", ""https://www.instagram.com/cdpred"", ""http://gwent.wikia.com/wiki/Gwent_Wikia"", ""https://www.facebook.com/GwentES"", ""https://twitter.com/PlayGwent"", ""https://en.wikipedia.org/wiki/Gwent:_The_Witcher_Card_Game"", ""https://www.playgwent.com/en"", ""https://www.reddit.com/r/gwent"", ""https://www.youtube.com/playgwent""]",[80913],,19474,co1yw9,2,2026-04-24 07:47:58.813346+00,0,f
266501,Alone in the Dark: The New Nightmare,alone-in-the-dark-the-new-nightmare--2,"The Dreamcast, PC and PlayStation 2 ports of Alone in the Dark: The New Nightmare, which feature major graphic improvements and the addition of lip synchronization for the polygon models during cutscenes.","Set on October 31, 2001, Edward Carnby’s best friend and partner, Charles Fiske, has been found dead off the coast of Shadow Island, a mysterious island near the coast of Massachusetts. Carnby’s investigation quickly leads him to Frederick Johnson, who informs him of Fiske’s search for three ancient tablets with the ability to unlock an incredible and dangerous power. Johnson pleads with Carnby to take Fiske’s place and reopen the investigation in order to recover the tablets. Carnby accepts and makes it his mission to find Fiske’s killer.

Johnson introduces Edward to Aline Cedrac, an intelligent young university professor. She joins Edward in recovering the missing tablets and assisting Professor Obed Morton, whom she believes to be her father. While flying over the coast of Shadow Island, Edward and Aline’s plane comes under attack by an unknown creature. Both jump from the plane and parachute to the ground, but are separated immediately. Edward lands in the dense forest just outside a manor, while Aline lands on the roof of the manor itself.",,,2001-06-22 00:00:00+00,[5560],"",[],[],[],[],"[797240, 967128, 967129, 967130, 967131, 967132, 967133]",98.36890190957392,10,,0,98.36890190957392,10,0,0,[1],[2],"[1, 19, 21, 43]","[9, 31]","[558, 1186, 1836, 3203, 6846]",[],"[""scrris"", ""scrrit"", ""scrriu"", ""scrriv"", ""scrriq"", ""scrrir""]","[""mb6XExJq1p4""]","[""https://en.wikipedia.org/wiki/Alone_in_the_Dark:_The_New_Nightmare"", ""https://discord.gg/aloneinthedark"", ""https://store.steampowered.com/app/259190"", ""https://www.gog.com/game/alone_in_the_dark_the_new_nightmare""]","[261643, 261644, 261645, 261647, 261646]",,1960,co7ldv,11,2026-04-24 07:47:58.815439+00,0,f
391882,Chicken Derby,chicken-derby--1,"Chickens are running on the Polygon Blockchain!
Race to win money on your way to podium glory with your NFT Chicken collection.","",,,2021-07-16 00:00:00+00,[],"",[],[],[],[],"[1579651, 1579652]",98.0952380952381,5,,0,98.0952380952381,5,0,0,"[1, 6]",[4],[],[10],"[31824, 37877, 37879]",[],"[""sc129d3"", ""sc129d5"", ""sc129df"", ""sc129d6"", ""sc129dg""]","[""55a0C_8BXHQ"", ""cB48ptnEmHM""]","[""https://www.chickenderby.com/"", ""https://x.com/chickenderbycom"", ""https://discord.gg/3JgV2PHg7U""]",[],,,coblnv,0,2026-04-24 07:47:58.817611+00,0,f
200905,OneShot: World Machine Edition,oneshot-world-machine-edition,"The World Knows You Exist.

Experience an adventure game with puzzles that go beyond its own window and establish a unique bond with the main character.

In OneShot: World Machine Edition, you discover a strange computer operating system with a self-contained world installed. Explore this world to unravel its mysteries and help guide a child on their mission to restore the long-dead sun.

You hear that saving the world may no longer be possible… But it’s worth a shot, you think. Now with collectible content and features exclusive to the World Machine Edition!","",,,2022-09-22 00:00:00+00,[],"",[],[],[],[],"[152981, 152993, 152995, 152983, 152985, 152987, 152989, 152991, 152997, 506906, 506907, 1096722, 1096725, 1096727, 1096728, 1096720, 1096721, 1096726, 1096723, 1096719, 1096729, 1096724, 1206653, 1206654]",98.09122777265438,7,,0,98.09122777265438,7,0,0,[1],"[3, 5]",[17],"[9, 12, 31, 32]","[72, 78, 101, 131, 156, 288, 1313, 1387, 1697, 1721, 1780, 2426, 3403, 3534, 4004, 4134, 4329, 4398, 5106, 16877, 29034, 29644, 42428, 46826]",[],"[""scgz5y"", ""scgz60"", ""scgz62"", ""scgz63"", ""scgz65""]","[""RHqHxAPylCg"", ""eqY5b1iDLi0""]","[""https://www.facebook.com/KomodoHawaii"", ""https://www.xbox.com/en-us/games/store/oneshot-world-machine-edition/9MX3GWKZHVTX"", ""https://store.playstation.com/en-us/concept/10005508"", ""https://www.nintendo.com/store/products/oneshot-world-machine-edition-switch/"", ""https://www.youtube.com/@NightMargins"", ""https://oneshot.wiki.gg/"", ""https://www.twitch.tv/directory/category/oneshot-world-machine-edition"", ""https://twitter.com/oneshot_game"", ""https://discord.com/invite/oneshot"", ""https://store.steampowered.com/app/2915460/OneShot_World_Machine_Edition/"", ""https://oneshot.dangenentertainment.com/""]","[289302, 289300, 289301]",,23181,co6ldh,10,2026-04-24 07:47:58.819244+00,0,f
52440,Batman: Arkham Knight - Premium Edition,batman-arkham-knight-premium-edition,"Batman: Arkham Knight is an action-adventure game developed by Rocksteady Studios, released in 2015. It is the final installment in the Arkham series. Players control Batman as he faces Scarecrow, who unites Gotham's criminals to destroy the Dark Knight. The mysterious Arkham Knight, a new adversary, aids Scarecrow in his plan.

The game features open-world exploration, stealth, combat, and puzzle-solving. A key addition is the Batmobile, used for traversal and combat. The story explores Batman’s psychological struggles and the collapse of his alliances as Gotham spirals into chaos.

It includes the main game and the season pass.","Prologue
Nine months after the |Joker's death, crime rates in Gotham City have dramatically declined, but Batman anticipates a new threat and maintains a vigil over the city. Before his death, the Joker sent his mutated blood to Gotham's hospitals, and several patients were infected. While most were cured, the patients who were not treated are starting to look and act like the Joker. Batman researches a cure for the mutations, and orders Robin to watch over the infected.

The Arkham Knight
On Halloween night, Scarecrow unleashes his newest strain of Fear Gas in a diner, and threatens to release it throughout Gotham. Six million civilians are evacuated, but the city's criminals and supervillains stay behind, leaving Commissioner James Gordon and the Gotham City Police Department outnumbered. Batman investigates Scarecrow's presence, and searches for him in a rooftop safehouse, but instead finds and saves Poison Ivy, who was being held captive by Scarecrow's henchmen. In a makeshift Batcave in Gotham's Clock Tower, Barbara Gordon is collecting information on Scarecrow's new toxin, and traces its production to Ace Chemicals. Batman goes to investigate, but is confronted by the mysterious ""Arkham Knight"" and his militia, which has a massive army of unmaned tanks. Batman fights his way through the militia, learning from workers that Scarecrow is planning to produce a chemical explosion so large that it will cover the entire eastern seaboard in fear toxin. Batman reaches Scarecrow, who reveals to him that Barbara has been abducted by the Arkhan Knight before escaping. While reducing the blast radius, Batman is exposed to the fear toxin, which reacts with his own mutated blood to cause hallucinations of the Joker. Escaping from the exploding Ace Chemicals, Batman is forced to tell Gordon about his daughter's involvement in his crime-fighting, and the outraged Gordon swears that he will find Barbara without Batman's help.

Scarecrow's Plans
Batman tracks the Arkham Knight to an underground tunnel network, hoping to learn Barbara's whereabouts from him, but instead gets ambushed by him. Batman then gives chase to the escaping convoy, only to learn that the driver is a decoy, using a voice synthesizer that makes him sound like the Arkham Knight. Batman interrogates the driver and learns that they are heading to the North Refrigeration. He and Nightwing interrogate the Penguin, who tells them that the Knight and Scarecrow are meeting with a businessman named Simon Stagg, who runs a pharmaceutical company. After boarding Stagg's airship, Batman discovers that Scarecrow paid Stagg to create a device known as the ""Cloudburst"", but Stagg tried to double-cross them and has been doused with fear toxin as punishment. After reaching Scarecrow and interrogating Stagg, Batman is again exposed to the toxin, which triggers a powerful hallucinogenic response. Scarecrow escapes with the Cloudburst. Batman receives a message from Scarecrow revealing that Barbara is in the same safehouse where Ivy was held, but before Batman can save her, Barbara is doused with fear toxin and shoots herself in the head. Batman and Alfred Pennyworth are devastated, but Alfred convinces Batman to not lose hope, for Barbara's sake. Alfred explains to Batman that the Cloudburst is a dispersal device designed to flood all of Gotham with the fear toxin. To counteract this effect, Batman enlists the help of Ivy, who takes control of a large tree which develops giant flowers capable of neutralizing the toxin.",,,2015-06-23 00:00:00+00,"[5, 44]",Premium Edition,[],[],[],[],"[481679, 481680, 481678, 481681, 481694, 481683, 481689, 481687, 481692, 481686, 481693, 481684, 481691, 481682, 481688, 481685, 481690]",98.04115086735466,22,,0,98.04115086735466,22,0,1,[1],[2],"[1, 20, 23, 31, 38]","[25, 31]","[2777, 25974, 25975, 25997]",[],"[""sc8j27"", ""sc8j28"", ""sc7i1r"", ""sc7i1s"", ""sc7i1t""]","[""wsf78BS9VE0"", ""VpXUIh7rlWI""]","[""https://www.xbox.com/en-us/games/store/batman-arkham-knight-premium-edition/C3DRG5G7FCB5"", ""https://store.steampowered.com/sub/85500"", ""https://www.youtube.com/channel/UCzi3f1gdbL-rDLUHFxq1GpA"", ""https://www.twitch.tv/rocksteady"", ""https://rocksteadyltd.com/#arkham-knight"", ""https://www.gog.com/game/batman_arkham_knight_premium_edition"", ""https://en.wikipedia.org/wiki/Batman:_Arkham_Knight"", ""https://www.instagram.com/batmanarkham"", ""https://www.reddit.com/r/BatmanArkham"", ""https://arkhamcity.fandom.com/wiki/Batman:_Arkham_Knight"", ""https://www.facebook.com/BatmanArkhamUK"", ""https://twitter.com/batmanarkham""]","[107154, 107155, 107156]",,,co2fr0,3,2026-04-24 07:47:58.820828+00,0,f
398031,Puzzling Places: 3D Jigsaw Sim,puzzling-places-3d-jigsaw-sim,A relaxed 3D jigsaw puzzle game about building detailed miniature dioramas of places from around the world.,"",,,2026-04-09 00:00:00+00,[],"",[],[],[],[],[],,0,98,1,98,1,0,0,[1],[],[],"[9, 13, 32]","[2084, 2424, 16877, 23931]",[40740],[],[],"[""https://store.steampowered.com/app/3530820/Puzzling_Places__3D_Jigsaw_Sim/"", ""https://www.realities.io/"", ""https://discord.gg/hQAuUabr""]",[380884],,,cobwsz,0,2026-04-24 07:47:58.822822+00,0,f
305040,The Talos Principle II: Road to Elysium,the-talos-principle-ii-road-to-elysium,"Road to Elysium is a three-part coda that allows you to dive deeper into the world of The Talos Principle 2, reunite with beloved characters, and put your puzzle-solving skills to the test through a series of thought-provoking new stories.","",,,2024-06-14 00:00:00+00,[],"",[],[],[],[],"[1019090, 1019091, 1019093, 1019094, 1019095, 1019096, 1019097, 1019098, 1019099, 1019092, 1019104, 1019102, 1019103, 1019106, 1019107, 1019113, 1019114, 1019109, 1019110, 1019111, 1019112, 1019100, 1019101, 1019105, 1019108]",,0,98,1,98,1,0,0,[1],"[1, 2]","[1, 18]","[9, 31, 32]","[575, 1440, 2426, 25496]",[],"[""scso1e"", ""scso1c"", ""scso1a"", ""scso19"", ""scso1d"", ""scso18"", ""scso1b"", ""scso1f"", ""scso1h"", ""scso17"", ""scso1g""]","[""M84Z1fS8hPc"", ""o2mlbKU-fFE""]","[""https://store.epicgames.com/en-US/p/the-talos-principle-2-the-talos-principle-2-road-to-elysium-8c17dd"", ""https://store.steampowered.com/app/2981410"", ""https://discord.gg/croteam"", ""https://www.gog.com/en/game/the_talos_principle_2_road_to_elysium_pack"", ""https://www.thetalosprinciple.com/""]","[270368, 270369]",,79864,co970v,2,2026-04-24 07:47:58.825195+00,0,f
150100,Captain of Industry,captain-of-industry,"Factory construction and management simulator. Alone with your loyal crew, expand a small colony of survivors into an industrial empire! From an abandoned island to vast factories, research labs, and space program. Build, mine, farm, shape terrain, explore and take care of your settlement!","Finding yourself on an abandoned island, you and your loyal crew are starting a new colony after the world has spiraled into chaos. Mine, manufacture, harvest, research, explore & more!",,4,2022-05-31 00:00:00+00,[],"",[],[],[388973],[],"[241077, 241083, 241074, 241081, 241073, 241080, 241075, 241085, 241078, 241084, 241072, 241079, 241076, 241082, 241086]",98,5,,0,98,5,0,1,[1],[3],"[21, 33]","[13, 15, 32]","[72, 606, 1103, 1403, 5789, 12950, 25050]",[],"[""sca55z"", ""sca560"", ""sca561""]","[""U0d7z2sBr-4""]","[""https://www.twitter.com/IndustryCaptain"", ""https://facebook.com/IndustryCaptain"", ""https://www.reddit.com/r/captain_of_industry/"", ""https://store.steampowered.com/app/1594320/Captain_of_Industry"", ""https://discord.gg/invite/JxmUbGsNRU"", ""https://www.twitch.tv/captainofindustrygame"", ""https://www.captain-of-industry.com/"", ""https://www.youtube.com/channel/UCJCrWeoeobyG8uWsWWclUyA""]",[371654],,,co31hc,0,2026-04-24 07:47:58.827782+00,0,f
22439,The Witcher 3: Wild Hunt - Game of the Year Edition,the-witcher-3-wild-hunt-game-of-the-year-edition,"The Witcher 3: Wild Hunt – Game of the Year Edition is a complete version of the game released in August 2016 for PC, PlayStation 4, and Xbox One. It includes the base game along with all post-launch content, including the two major expansions, Hearts of Stone and Blood and Wine, and all free DLCs.","In the town of White Orchard, Geralt reunites with his long lost lover, Yennefer. She informs Geralt that Emperor Emhyr has summoned him to the city of Vizima. There, Emhyr tasks Geralt with finding Ciri, who has been recently spotted in various locations. Ciri is a Child of the Elder Blood, the last heir to an ancient Elven bloodline that bestows her with the power to manipulate space and time.

Geralt first follows clues that Ciri was in Velen at Crow's Perch, the fort of the Bloody Baron. The Baron refuses to help, but Geralt's acquaintance, sorceress Keira Metz, informs him that an Elven mage, Avallac'h, was searching for Ciri. Keira directs Geralt to the Crones of Crookback Bog, malicious, ancient spirits residing near Velen. The Crones reveal that they had captured Ciri for the Wild Hunt before she escaped, and that they have enslaved the Baron's missing wife, Anna. After determining Anna's fate, Geralt returns to the Baron who tells him that Ciri went to Novigrad.

Arriving in Novigrad, Geralt discovers that the Church of the Eternal Fire, a militant religious organization, is purging mages in the city. Rendezvousing with his former lover, Triss Merigold, Geralt learns that Ciri had contacted his friend Dandelion. Geralt navigates Novigrad's criminal underworld to rescue Dandelion, and discovers that Ciri teleported to the Skellige archipelago. While in Novigrad, Geralt may assist Triss in liberating fugitive mages.

After sailing to Skellige, Geralt reunites with Yennefer, who has been investigating a magical explosion linked to Ciri. The pair track Ciri's movements to the island of Lofoten and learn the Wild Hunt have attacked it. Following clues, they realise that Uma, a deformed, cursed creature at Crow's Perch, was present following Ciri's escape. Before leaving Skellige, Geralt can help determine who will become the leader of Skellige following the king's death. Yennefer chooses to sever the magical bond that draws her and Geralt together, giving him the option to willingly affirm his love for her or end their relationship.

The pair recover Uma to the abandoned witcher school of Kaer Morhen where Yennefer successfully removes Uma's curse, transforming him into Avallac'h. He reveals that he teleported Ciri to the Isle of Mists to save her from the Lofoten attack. Geralt travels to the Isle and finds Ciri in a deathlike state until she is awakened by Avallac'h's magic. Ciri reveals that the King of the Wild Hunt, Eredin's homeworld is being destroyed by a plight known as the White Frost, and he wants Ciri's power in order to conquer the Continent. Ciri and Geralt teleport to Kaer Morhen pursued by the Wild Hunt. After a brief reunion with Yennefer, Triss, and their witcher mentor Vesemir, the Hunt attacks. Vesemir is killed protecting Ciri and her distress causes her to uncontrollably unleash her Elder power leading Eredin and the Hunt to retreat. Geralt, Yennefer, Triss, Ciri, and their allies then hold a funeral for Vesemir.

Ciri and Geralt travel to Novigrad and help Triss and Yennefer reform the Lodge of Sorceresses to aid in their fight. They also learn about the Sunstone, a relic that can lure Eredin out and bind him to a location. On the Skelligan isle of Undvik, Avallac'h uses the Sunstone to draw out the Hunt and their fleet. Geralt, Ciri, their allies and the Nilfgaardian fleet battle the Hunt, before Geralt faces Eredin in combat and emerges victorious. As the White Frost descends on Skellige, Ciri insists that she must confront it with her Elder Blood before it consumes all life on every world. Ciri enters a portal and defeats the White Frost, ending the threat.

The ending varies depending on choices made throughout the game. If Ciri is alive, Geralt can retire with either Yennefer or Triss, or remain a lone Witcher. If Geralt helps Nilfgaard win the war and took Ciri to meet the emperor, she will become Empress, believing it the best way to positively affect the world; if Ciri doesn't meet the Emperor, Geralt fakes her death and she becomes a Witcher. If Ciri dies fighting the White Frost, Geralt hunts down her stolen medallion as a keepsake, but is surrounded by monsters upon its discovery, leaving his fate ambiguous.",,,2016-08-29 00:00:00+00,[452],Game of the Year Edition,[],[],[],[],"[31666, 31677, 31657, 31658, 31659, 31661, 31663, 31664, 31665, 31667, 31679, 31685, 31655, 31656, 31668, 31669, 31670, 31673, 31675, 31687, 31689, 31691, 31693, 31695, 31697, 31698, 31699, 31681, 31683, 31701, 31703, 31704, 31705, 31706, 31707, 31708, 31709, 303786, 303785, 303788, 303789, 303787, 474307, 809058, 1236428]",97.96272688386972,567,,0,97.96272688386972,567,0,0,[1],[2],"[1, 17, 22, 38]","[12, 31]","[151, 537, 2242, 2472, 4843]",[],"[""pziw7giojvmp8baw617b"", ""a4tiz3sfoblnau6olx10"", ""zvijqp04apwmzqvlgxej""]","[""5wmNeg5WVck"", ""YmLeUJgzsXY"", ""qy8jmm9kY4A""]","[""https://instagram.com/cdpred"", ""http://witcher.wikia.com/wiki/Witcher_Wiki"", ""https://www.gog.com/game/the_witcher_3_wild_hunt_game_of_the_year_edition"", ""https://www.xbox.com/en-us/games/store/the-witcher-3-wild-hunt---complete-edition/C261457LCNMJ"", ""https://www.facebook.com/thewitcher"", ""https://twitter.com/"", ""https://www.epicgames.com/store/p/the-witcher-3-wild-hunt"", ""http://thewitcher.com"", ""https://store.steampowered.com/sub/124923"", ""https://en.wikipedia.org/wiki/The_Witcher_3:_Wild_Hunt"", ""https://www.youtube.com/user/WitcherGame"", ""https://discord.gg/thewitcher"", ""https://www.twitch.tv/cdprojektred""]","[52740, 52741]",,,co1wz4,3,2026-04-24 07:47:58.829711+00,0,f
172496,Ena: Dream BBQ,ena-dream-bbq,Experience surreal environments and inexplicable characters as ENA in a new wild world.,"",,,2025-03-27 00:00:00+00,[],"",[],[],[],[],"[623616, 623617, 623618]",97.94383008985001,21,,0,97.94383008985001,21,0,5,[1],[1],[27],"[31, 32]","[72, 126, 250, 1204, 1293, 1313, 1467, 1493, 1511, 1721, 1754, 2231, 2385, 2426, 4004, 4135, 4150, 16877, 23834, 24875, 37861, 38236, 42245, 47044]",[],"[""scksud"", ""scksue"", ""scksuf"", ""scksug"", ""scksuh""]","[""kQebudKEHT0"", ""yzNcZdCYat0"", ""qLurAhsqXWc""]","[""https://joelgc.com/"", ""https://x.com/JoelGuerraC"", ""https://www.youtube.com/joelg"", ""https://www.instagram.com/joel_guerra_c/"", ""https://store.steampowered.com/app/2134320/ENA_Dream_BBQ"", ""https://www.twitch.tv/directory/game/Ena:%20Dream%20BBQ"", ""https://ena.wiki.gg/wiki/Dream_BBQ""]",[313221],,,co62ei,0,2026-04-24 07:47:58.831791+00,0,f
51267,Umineko no Naku Koro ni Chiru,umineko-no-naku-koro-ni-chiru,Umineko no Naku Koro ni Chiru is the sequel to Umineko no Naku Koro Ni. It is also referred to as When They Cry 4 in the overall When They Cry franchise.,"",,,2011-09-01 00:00:00+00,[4961],"",[],[],[],[],"[817689, 817690]",97.74226168366063,27,,0,97.74226168366063,27,0,0,[1],[5],"[17, 19, 20, 28, 31, 44]","[31, 34]","[78, 221, 226, 1180, 1313, 1881, 3831, 4142, 5380, 5675, 23933, 29745]",[],"[""sc110qn"", ""sc111k3"", ""sc111k4""]",[],"[""http://07th-expansion.net/umi/Main.htm""]","[234779, 234780]",,,co4szy,3,2026-04-24 07:47:58.833685+00,0,f
72327,Streets of Rage Remake,streets-of-rage-remake,Streets of Rage Remake is a fangame reboot on the trilogy Streets of Rage.,"",,,2011-04-03 00:00:00+00,[],"",[],[],[],[],[],97.5701213851357,13,,0,97.5701213851357,13,0,1,"[1, 2, 3]",[4],"[1, 18]","[25, 32]","[61, 982, 1059, 2004, 4134, 4472, 4544, 4996, 5730, 5844, 6077, 6152, 6385, 7357, 7475, 24124]",[14646],"[""xkmnqxdqiir8irjkowd5"", ""l1zeyijmojhbnhvqxu2o"", ""pgvt84uwr8khjzs9sphc""]","[""V9r5IYrtyEc""]","[""http://www.bombergames.net/"", ""https://www.twitch.tv/directory/game/Streets%20of%20Rage%20Remake"", ""https://en.wikipedia.org/wiki/Streets_of_Rage_Remake""]",[95431],,,co2srh,0,2026-04-24 07:47:58.835486+00,0,f
305358,Love Eternal,love-eternal,"Wander a castle built of bitter memories in LOVE ETERNAL, a psychological horror platformer with devious trials and an unsettling, experimental narrative. Find a way out - or live in Shelter forever more.","",,,2026-02-19 00:00:00+00,[],"",[],[],[],[],"[1021613, 1021614, 1021615, 1021616, 1021617, 1021618, 1021623, 1021622, 1021619, 1021627, 1021628, 1021629, 1021625, 1021626, 1021620, 1021621, 1021624, 1410606, 1410607]",,0,97.5,2,97.5,2,0,5,[1],[4],[19],"[8, 31, 32]","[223, 962, 1059, 25831]",[],"[""scspds"", ""scstjh"", ""scstjk"", ""scstjf"", ""scspdv""]","[""VfbQ70NVeps"", ""omnOBMkcxjY"", ""k98BRh8m-c0"", ""0nKpwQ_1koU"", ""Ji3RdO-OhYM""]","[""https://bsky.app/profile/brlka.com"", ""https://store.steampowered.com/app/3010610/LOVE_ETERNAL/"", ""https://loveeternalgame.com/"", ""https://www.twitch.tv/directory/category/love-eternal"", ""https://www.youtube.com/@YsbrydGames"", ""https://www.nintendo.com/us/store/products/love-eternal-switch/"", ""https://www.gog.com/game/love_eternal""]","[270115, 270114]",,,co8dts,0,2026-04-24 07:47:58.837112+00,0,f
224415,Voices of the Void,voices-of-the-void--1,"You work as a scientist in the isolated research lab in the mountains of Switzerland. Your task is to gather signals from space, analyze them, process them and sell them to get points.

You can get regular signals and objects like dwarf planets and stars, or you can get something ""unusual"" or even ""strange"" and ""unexplainable"".","You work as a scientist in the isolated research lab in the mountains of Switzerland. Your task is to gather signals from space, analyze them, process them and sell them to get points.",,2,,[],"",[],[],[],[],"[1291814, 1291810, 1291813, 1291808, 1291809, 1291811, 1291812, 1291815, 1118700, 1118701, 1118702, 1118703, 1118692, 1118693, 1118694, 1118695, 1118696, 1118697, 1118698, 1118699, 1136646]",97.33112765370831,21,,0,97.33112765370831,21,0,50,[1],[1],"[17, 18, 19, 21, 33, 38, 43]","[13, 32]","[3, 131, 1697, 2225, 2379]",[],"[""scuspk"", ""scuspl"", ""scuspm"", ""scuspn"", ""scuspo""]","[""izeY7Wtk6z0""]","[""https://www.reddit.com/r/Voicesofthevoid/"", ""https://votv.dev/"", ""https://voicesofthevoid.wiki.gg/"", ""https://www.twitch.tv/directory/game/Voices%20Of%20The%20Void"", ""https://mrdrnose.itch.io/votv"", ""https://www.youtube.com/@MrDrNoseorigin"", ""https://twitter.com/MrDrNose1"", ""https://discord.gg/eternitydevgames""]",[317060],,,co8uks,0,2026-04-24 07:47:58.838514+00,0,f
117526,Lurkers,lurkers--2,"Lurkers is a chaotic 2D multiplayer sandbox where you can build, battle, and survive! Fight zombies, conquer game modes like Bedwars, and unleash your creativity in a world that’s yours to shape and destroy.","",,,2019-04-19 00:00:00+00,[],"",[],[],[],[],"[1196363, 1196364, 1196365, 1196366, 1196367, 1196368, 1196369, 1196370, 1196371, 1196372, 1196373, 1196374, 1196375, 1196376, 1196377, 1196378, 1196379, 1196380, 1196381, 1196361, 1196362]",97.30397394491462,36,,0,97.30397394491462,36,0,0,"[2, 3, 6]",[4],"[1, 19, 21, 33, 38, 39]","[5, 8, 12, 13, 25, 31, 32]","[5, 510, 1645, 2385, 2392, 2792, 5836]",[9432],"[""scvlgh"", ""scvlgi"", ""scvlgj"", ""scvlgk"", ""scvlgl"", ""scvlgm""]","[""DO1JCgHwNDo""]","[""https://www.twitch.tv/directory/game/lurkers.io"", ""https://store.steampowered.com/app/2365750/Lurkers/"", ""https://twitter.com/lurkersio"", ""https://lurkers.io/wiki/index.html"", ""https://lurkers.io/"", ""https://www.youtube.com/@lurkersio"", ""https://www.facebook.com/profile.php?id=61550907546577"", ""https://www.instagram.com/lurkers.io/"", ""https://discord.gg/G6MaB5k"", ""https://www.reddit.com/r/lurkersio/"", ""https://bergice.itch.io/lurkers""]",[77777],,,co9hgu,0,2026-04-24 07:47:58.840444+00,0,f
28278,Catan Universe,catan-universe,"After a long, hardship filled journey you have reached the coast of an unknown island! However, other explorers have also landed on Catan: The race for colonisation has begun! Build roads and towns, trade skilfully and become ruler over Catan!","",,,2017-04-25 00:00:00+00,[],"",[],[],[],[],"[322336, 322337, 322338, 322339, 322341, 322340, 322343, 322344, 322342, 322345]",97.05390756849381,15,,0,97.05390756849381,15,0,0,"[1, 2]",[],[],"[15, 26, 35]","[101, 1158, 1333, 2385, 4004, 4134, 4142]",[],"[""ab92ek54t6xynvdmoibd"", ""awmuj3jnonx6owxkim0s"", ""qdrkpwxjfjeaqi7nanvy"", ""lkcgyvbb1b5xbf0d58l7"", ""bvwqxu6qoqtl0gsgapkl""]","[""9LQdidVUa1U""]","[""https://store.steampowered.com/app/544730"", ""https://play.google.com/store/apps/details?id=com.usm.catanuniverse"", ""https://catanuniverse.com/en/"", ""https://www.twitch.tv/directory/game/Catan%20Universe"", ""http://itunes.apple.com/us/app/id1220346113#?platform=ipad"", ""https://twitter.com/catanuniverse"", ""https://apps.apple.com/app/id1220346113"", ""https://www.reddit.com/r/CatanUniverse"", ""https://www.facebook.com/CatanUniverse"", ""https://discord.gg/invite/catanuniverse""]","[46165, 381151]",,,co22ve,0,2026-04-24 07:47:58.84293+00,0,f
372930,Dig Island,dig-island,"Dig Island is a 4-player co-op digging game. As you dig deeper, discover new resources, upgrade your equipment, and work with your friends to repair the plane and escape the island.","Your journey begins with a plane crash.

After watching your plane burst into flames and fall from the sky, you wake up on a tropical island filled with lush vegetation and hidden dangers. You are not entirely alone. A disabled old man, one of the island’s previous survivors, still lives here. Through his guidance and tasks, you learn the basics of survival while slowly uncovering the island’s mysterious past.",,4,2026-01-30 00:00:00+00,[],"",[],[],[],[],"[1407744, 1407745, 1407746, 1607889, 1607890, 1607891, 1607892, 1607893, 1607894, 1607895, 1607896, 1607897, 1607898, 1607899, 1607900, 1607901, 1607902, 1607903, 1607904, 1607905, 1607906, 1607907, 1607908, 1607909, 1607910, 1607911, 1607912, 1607913, 1607914]",96.92307692307692,13,,0,96.92307692307692,13,0,0,"[1, 2, 3]",[1],[],"[13, 31, 32]","[72, 101, 182, 250, 510, 595, 840, 988, 1111, 1159, 2084, 2177, 2424, 2489, 4004, 26248, 38148, 50104, 50415]",[37156],"[""sc11kvi"", ""sc11kvj"", ""sc11kvk"", ""sc11kvl"", ""sc11kvm"", ""sc11kvn"", ""sc11kvo"", ""sc11kvp"", ""sc11kvq"", ""sc11kvr"", ""sc11kvs"", ""sc11kvt"", ""sc11kvu"", ""sc11kvv"", ""sc11kvw"", ""sc11kvx"", ""sc11kvg"", ""sc11kvh""]","[""99sK6chFcco""]","[""https://www.fiftyeightstudios.com/"", ""https://store.steampowered.com/app/3919360"", ""https://www.youtube.com/channel/UC2A0ctEz5Dq4lGDBUJB7aEw"", ""https://discord.gg/p6VBj8jT7N"", ""https://x.com/FiftyEight_Std"", ""https://www.instagram.com/fiftyeight_studios/"", ""https://www.twitch.tv/directory/category/dig-island""]",[352966],,,cobet5,0,2026-04-24 07:47:58.845121+00,0,f
41888,Battlefield 3: Premium Edition,battlefield-3-premium-edition,"Take your Battlefield 3 multiplayer experience to the next level with Battlefield 3: Premium Edition! Containing a staggering amount of content, Battlefield 3 Premium offers all expansion packs with early access, new soldier and weapon camos, and a number of exclusive in-game items all for a one-time fee. Battlefield 3: Premium Edition includes expansion packs Back to Karkand, Close Quarters, Armored Kill, End Game, and Expansion Pack #5.","",,,2012-09-11 00:00:00+00,[],Premium Edition,[],[],[],[],[],96.65475531217531,36,,0,96.65475531217531,36,0,0,[],[],"[1, 22, 39]",[5],[],[],[],"[""9VZUcLgtDM4""]",[],"[314456, 314457]",,,coaoaj,3,2026-04-24 07:47:58.846978+00,0,f
117263,Mahjong Soul,mahjong-soul,Mahjong Soul lets you experience exciting Mahjong matches versus players from around the world. The game gives you the chance to be accompanied by cute anime girls of your dreams. Looking for a relaxing yet competitive game? Join us on Mahjong Soul!,"",,,2018-06-08 00:00:00+00,[],"",[],[],[],[],"[1155083, 1155053, 1155054, 1155055, 1155056, 1155057, 1218356, 1218357, 1218358]",96.4285568953022,11,,0,96.4285568953022,11,0,0,"[1, 2]",[3],[40],"[15, 35]","[78, 1011]",[],"[""sc6exx"", ""sc6exy"", ""sc6exw"", ""sc6exz""]","[""jxcDtQe_-BE"", ""FYnj03T0lRs"", ""LPl6q63Tdos""]","[""https://mahjongsoul.game.yo-star.com/"", ""https://www.facebook.com/MahjongSoulEN"", ""https://www.youtube.com/channel/UCTv15gFjpwnJ-WpnOkIZq_w"", ""https://play.google.com/store/apps/details?id=com.YoStarEN.MahjongSoul"", ""https://twitter.com/MahjongSoul_EN"", ""https://www.reddit.com/r/mahjongsoul/"", ""https://store.steampowered.com/app/2739990"", ""https://www.twitch.tv/directory/category/mahjong-soul"", ""https://apps.apple.com/us/app/id1464872167"", ""https://discord.gg/mahjongsoul"", ""https://apps.apple.com/us/app/id1464872167""]","[304843, 304844]",,,co8wec,0,2026-04-24 07:47:58.848486+00,0,f
55077,Beast Battle Simulator,beast-battle-simulator,"Beast Battle Simulator is a physics based battle-simulation sandbox game featuring dinosaurs and animals. Kamikaze Zebras VS. T-Rex with laser guns, Lions with machine guns VS. a flock of 50 seagulls; anything is possible! Watch as the beasts dismember and rip each other apart in gory detail!","",,4,2017-08-23 00:00:00+00,[],"",[],[],[],[],[289794],96.41172265904217,13,,0,96.41172265904217,13,0,0,[1],[3],[1],"[12, 13, 14, 15, 32]","[683, 1308]",[],"[""rcqhh3lc3nkfbk0yw5q2"", ""cav8lv4mldl8km9vttn4"", ""krplhl0dzezcjrx8tflj"", ""ecrqgctzyufuozxehpmc"", ""slnii0xzovrec3mguona""]",[],"[""https://itunes.apple.com/us/app/beast-battle/id1278737601?mt=8&uo=4"", ""https://store.steampowered.com/app/671620"", ""https://www.twitch.tv/directory/game/Beast%20Battle%20Simulator""]",[82134],,,co1mui,0,2026-04-24 07:47:58.850086+00,0,f
138851,Not in the Groove,not-in-the-groove,"A rhythm game based on StepMania, In The Groove, and other games alike, that provides modding capabilities to charts, and features compatibility with most StepMania and In The Groove charts previously available, uses mods to allow for a different twist on charts, breaking the boundaries for what a playable chart can be.","",,,2011-03-01 00:00:00+00,[],"",[],[],[],[],[],96.24226228521744,16,,0,96.24226228521744,16,0,1,"[1, 2]",[6],[],[7],"[4137, 12853]",[11707],"[""sc12tyj"", ""sc12tyk"", ""sc12tyl"", ""sc12tym"", ""sc12tyn""]",[],"[""https://www.twitch.tv/directory/game/Not%20In%20The%20Groove"", ""https://noti.tg/""]",[],,144393,co2gik,12,2026-04-24 07:47:58.851764+00,0,f
146553,FiveM,fivem,"FiveM is a modification for Grand Theft Auto V enabling you to play multiplayer on customized dedicated servers, powered by Cfx.re.","",,,2015-05-05 00:00:00+00,[],"",[],[],[],[],[],96.15384615384615,13,,0,96.15384615384615,13,0,0,"[1, 2, 3, 5]","[1, 2]",[],"[5, 10, 12]",[],[],[],[],"[""https://twitter.com/FiveM"", ""https://www.reddit.com/r/FiveM"", ""https://fivem.net/"", ""https://discord.gg/fivem""]",[352799],,1020,co8xf0,5,2026-04-24 07:47:58.85322+00,0,f
388390,Poker Night at the Inventory,poker-night-at-the-inventory--1,"Almost seven years after the Inventory closed its doors, this underground social club has reopened for business. Play No Limit Texas Hold’em with four video game icons in a high-stakes battle of cards, bets, and trash talk.","",,,2026-03-05 00:00:00+00,"[2891, 2253, 1688, 2281]","",[],[],[],[],"[1547157, 1547159, 1547161]",,0,96,1,96,1,0,2,[1],[1],"[27, 40]","[16, 35]","[154, 1075, 4135]",[],"[""sc11luh"", ""sc11lu8"", ""sc11lu9"", ""sc11lua"", ""sc11lub"", ""sc11luc"", ""sc11lud"", ""sc11lue"", ""sc11lui"", ""sc11luk"", ""sc11luf"", ""sc11lug"", ""sc11luj""]","[""RoXKhwb18MY""]","[""https://store.steampowered.com/app/3897800/Poker_Night_at_the_Inventory/"", ""https://bsky.app/profile/skunkapegames.com"", ""https://www.nintendo.com/us/store/products/poker-night-at-the-inventory-switch/"", ""https://store.playstation.com/en-us/concept/10017447"", ""https://www.twitch.tv/directory/category/poker-night-at-the-inventory-2026"", ""https://wiki.teamfortress.com/wiki/Poker_Night_at_the_Inventory"", ""https://en.wikipedia.org/wiki/Poker_Night_at_the_Inventory""]",[375882],,8040,cobfti,9,2026-04-24 07:47:58.854563+00,0,f
258295,Pinball M,pinball-m,"Get ready to tilt into terror. The new horror-inspired pinball platform for fearless players. Prove your skills on the most sinister, gory, and badass tables ever brought to life.","",,,2023-11-30 00:00:00+00,"[2840, 4485, 3690, 392, 4972]","",[],[],[],"[278535, 278537, 287179, 278536, 304392, 321198, 276743, 386717]","[734964, 734965, 734966, 734967, 734968, 734969]",,0,96,1,96,1,0,0,"[1, 2]",[3],"[19, 20, 43]","[13, 30, 33]","[128, 1308]",[],"[""scnivd"", ""scnivf"", ""scnivh"", ""scnivj"", ""scnivm""]","[""wDuVCYqLCHA"", ""RXUn4IkK4y0"", ""MUaWhdINq_U""]","[""https://www.pinballm.com/"", ""https://www.nintendo.com/us/store/products/pinball-m-switch/"", ""https://www.xbox.com/en-us/games/store/pinball-m/9mzkqp6vj6bc"", ""https://store.playstation.com/en-us/concept/10008237"", ""https://store.steampowered.com/app/2337640"", ""https://www.reddit.com/r/PinballFX3/"", ""https://store.epicgames.com/en-US/p/pinball-m-755276"", ""https://twitter.com/zen_studios"", ""https://www.youtube.com/@ZenStudios"", ""https://www.instagram.com/zen_studios/"", ""https://discord.gg/NaWYtZh66w"", ""https://www.facebook.com/zenstudios"", ""https://www.twitch.tv/zenstudios""]",[342834],,,co70ll,0,2026-04-24 07:47:58.856415+00,0,f
237681,Shadow Warrior 3: Definitive Edition,shadow-warrior-3-definitive-edition,"Take an adrenaline-fueled journey through a mythical Japanese realm in the Definitive Edition of Shadow Warrior 3, packed with new features, and enjoy an ultraviolent blend of fast-paced gunplay, razor-sharp melee combat, and spectacular free-running movement.","Fallen corporate shogun Lo Wang and his former employer turned nemesis turned sidekick Orochi Zilla embark on an improbable mission to recapture an ancient dragon they unwillingly unleashed from its eternal prison. Armed with a punishing mix of blades and bullets, Lo Wang must traverse uncharted parts of the world to track down the dark beast and push the apocalypse back yet again. All it will take is the mask of a dead god, a dragon's egg, a touch of magic, and enough firepower to hold off the impending cataclysm.

Trek across a mythic Asian land infused with the magic and technology of ancient samurai, now overrun by the demonic yokai from Japanese folklore.",,,2023-02-16 00:00:00+00,[],Definitive Edition,[],[],[],[],[],,0,96,1,96,1,0,0,[1],[1],"[1, 17, 27]","[5, 12, 31, 33]",[],[],"[""scq4s3"", ""scq4s1"", ""scq4s2"", ""scq4s4"", ""scq4s5"", ""scq4s6"", ""scq4s7""]","[""TyPpXUrq9Hs""]","[""https://www.twitch.tv/directory/game/Shadow%20Warrior%203"", ""https://en.wikipedia.org/wiki/Shadow_Warrior_3"", ""https://twitter.com/ShadowWarrior"", ""https://shadowwarrior.com/""]","[248482, 248483]",,,co67u3,0,2026-04-24 07:47:58.858463+00,0,f
186895,Headquarters World War II,headquarters-world-war-ii,"Headquarters World War II is a fast-paced turn-based strategy game where your battlefield tactics are as important as your army management skills. Experience both sides of the war, battling in Europe as the USA, the UK, or Germany. Storm bunkers, occupy houses, win tank duels.","",,,2024-04-11 00:00:00+00,[],"",[],[],[],"[324926, 324932]","[457192, 457193, 457195, 856625, 856626, 856627, 856622, 856631, 856632, 856623, 856624, 856628, 856629, 856630, 971676, 971677, 974730]",,0,96,1,96,1,0,0,"[1, 2, 3, 4]",[3],[39],"[15, 16, 24]",[16877],[32389],"[""scf6z1"", ""scf6z2"", ""scf6z3"", ""scf6z4"", ""scf6z5"", ""scf6z6"", ""scf6z7"", ""scf6z8""]","[""x3p9sAg8RDU"", ""Np3Ny4JVZPc"", ""eBWGsDnii-A"", ""aoaRocnlMxo"", ""L5YG09IOEQg"", ""hXc9ra0We5g"", ""Ak3wccPUeRg"", ""qujk8VA243I"", ""5jGCyEuB3Ek"", ""Dt7d1QBIAX0"", ""krZoYRzNaHQ"", ""knWhR5q-wDQ"", ""GX76BU-WW6g"", ""j0-ZgtfWlGQ"", ""qZKr6_y4taw""]","[""https://www.facebook.com/SlitherineGames/"", ""https://store.epicgames.com/en-US/p/headquarters-world-war-2-7ad107"", ""https://www.instagram.com/slitherine_games/"", ""https://x.com/SlitherineGames"", ""https://www.twitch.tv/directory/category/headquarters-world-war-ii"", ""https://www.slitherine.com/game/headquarters-world-war-ii"", ""https://discord.gg/invite/ZznaBVqNvF"", ""https://www.gog.com/game/headquarters_world_war_2"", ""https://www.youtube.com/@SlitherineGames/"", ""https://store.steampowered.com/app/1840800""]","[262136, 262135]",,,co62nu,0,2026-04-24 07:47:58.860815+00,0,f
143646,The Bingo Room,the-bingo-room,The Bingo Room is a stream interactive game designed for hosts to play with their audience. This game is part of the On Stream brand by Pixel by Pixel Studios.,"",,3,2023-07-13 00:00:00+00,[],"",[],[],[],[],"[409109, 409110]",96,6,,0,96,6,0,8,"[2, 5]",[5],[40],[35],[],[23722],"[""scn73c"", ""scn73d"", ""scn73e"", ""scn73f""]",[],"[""https://discord.gg/thebingoroom"", ""https://twitter.com/TheBingoRoom"", ""https://www.youtube.com/channel/UCK9dJ8pohPo7iKl0M5aLBtA/"", ""https://store.steampowered.com/app/1675330"", ""https://www.twitch.tv/directory/game/Bingo%20On%20Stream"", ""https://thebingoroom.club/""]","[220856, 220857]",,,co6o4t,0,2026-04-24 07:47:58.862863+00,0,f
138784,Tom Clancy's Ghost Recon: Breakpoint - Red Patriot,tom-clancys-ghost-recon-breakpoint-red-patriot,The third piece of DLC content in the Ghost Recon: Breakpoint season pass,"",,,2020-09-15 00:00:00+00,[857],"",[],[],[],[],[],,0,96,1,96,1,0,0,"[1, 2, 3]",[2],"[1, 38, 39]","[5, 31]",[],[],[],"[""fYZD1oSycRU"", ""cn-OWofb_O4""]","[""https://www.ubisoft.com/en-us/game/ghost-recon/breakpoint/year-one/episode-3""]","[268335, 303135]",,118218,co570x,1,2026-04-24 07:47:58.864604+00,0,f
121163,Arma 3: Contact,arma-3-contact,"What if humanity suddenly encounters extraterrestrial intelligence on Earth? Bohemia Interactive presents: Arma 3 Contact – a spin-off expansion about the most important discovery in the history of mankind. As a soldier deployed to Livonia’s militarized Nadbór region, you will be among the first to study our alien visitors and determine their intentions. However, amid the tension and chaos, armed conflict inevitably unfolds. Arma 3 Contact’s military science fiction campaign arrives together with a massive new terrain, and introduces new factions, weapons, vehicles, outfits, equipment, and more to the wider Arma 3 sandbox.","",,,2019-07-25 00:00:00+00,[],"",[],[],[],[],"[69720, 69745, 69748, 69721, 69722, 69723, 69724, 69725, 69727, 69729, 69730, 69747, 69749, 69731, 69732, 69750, 69751, 69733, 69734, 69735, 69736, 69737, 69738, 69739, 69740, 69741, 69742, 69743, 69744]",,0,96,1,96,1,0,0,"[1, 2, 3, 5]",[],[1],"[13, 15]","[3, 563]",[],"[""sc6x42""]","[""xeyf4Xf0eYU"", ""ds7RoCrhUyk""]","[""https://www.youtube.com/armaplatform"", ""https://store.steampowered.com/app/1021790/Arma_3_Contact/"", ""https://www.facebook.com/armaplatform"", ""https://arma3.com/"", ""https://discord.com/invite/arma"", ""https://twitter.com/arma3official""]",[82467],,1881,co1nby,2,2026-04-24 07:47:58.866475+00,0,f
25910,Mallow Drops,mallow-drops,"Mallow Drops is a gravity puzzle where two kiwis regather their eggs in a shattered world. Help Marsh and Mallow rescue their eggs and get to the exit! Turn everything upside down as you slide, shift and move through the tricky world of Mallow Drops, a mix of platformer and a sliding block puzzle. Getting to where you need to go half the fun - just be sure to have a safe landing!

With Wooly Jumpers hopping about and Dirty Underbears surprising you suddenly, it won't be easy, and if you're not careful, the dreaded Dropbears may get the drop on you!

CHANGE YOUR WORLD BY CHANGING YOUR PERSPECTIVE
You move in straight lines. Your world turns upside-down.

When you turn the world of Mallow Drops, things shift in unexpected ways and new paths are revealed.

Mallow Drops is a meditative mix of platformer and a sliding block puzzle coming to Steam in 2016","",,,2016-11-03 00:00:00+00,[],"",[],[],[],[],"[74570, 74571]",,0,96,1,96,1,0,0,[1],[4],[35],"[9, 32]",[101],[],"[""bqdtqdgxwazzejtfzhww"", ""zg8lk5yamzymlpjeuxt1"", ""imk4wurbtzdgi0rj8fk8"", ""edvdgkgjqxgzppo3g50s"", ""xb7h7dvjjl317nflu73w""]","[""p6tNeByYmzY"", ""0uTdvNjjwbg""]","[""http://mallowdrops.com/"", ""https://store.steampowered.com/app/381340"", ""http://itunes.apple.com/us/app/id969845330#?platform=iphone"", ""http://itunes.apple.com/us/app/id969845330#?platform=ipad"", ""https://www.twitch.tv/directory/game/Mallow%20Drops""]","[41829, 41830]",,,it58smbpvhqhbbubqsj5,0,2026-04-24 07:47:58.868429+00,0,f
21695,Assassin's Creed III: Deluxe Edition,assassins-creed-iii-deluxe-edition,"The year is 1775. The American colonies are about to revolt. You are Connor, an assassin who has sworn to secure liberty for his people and his nation. To do so, you will hunt your enemies across a staggeringly large, open, and realistic world. You will unleash your lethal skills in a violent quest that will take you from chaotic city streets to blood-soaked battlefields in the hostile American wilderness and beyond. You will meet legendary heroes of American history, and together you will conspire to annihilate those who threaten Liberty itself.

Whether you use your predatory instincts to kill silently, or your fearsome arsenal to kill openly, one thing is clear: the world that the Assassins live in has become far more deadly. And so have you.","",,,2012-09-30 00:00:00+00,[571],Deluxe Edition,[],[],[],[],[],,0,96,1,96,1,0,0,[1],[2],"[22, 38]","[25, 31]",[],[],"[""ijevzb9rqom7zyxvbqak""]","[""gZrklEy9ohQ"", ""-pUhraVG7Ow""]","[""http://assassinscreed.ubi.com/en-us/games/assassins-creed-3.aspx""]",[43840],,,co8jbp,0,2026-04-24 07:47:58.869852+00,0,f
1046,Star Control II,star-control-ii,"Star Control II, the sequel to the original Star Control, is a space adventure game that features role-playing elements alongside a 2D space ship melee combat system. The player assumes the role of The Captain of a single starship wandering a detailed environment of solar systems, gradually gathering information and resources in order to defeat a mysterious and implacable enemy.","",,,1992-11-17 00:00:00+00,[],"",[],[],[],[],"[479075, 479076, 592867]",95.96717643338168,23,,0,95.96717643338168,23,0,0,"[1, 2]",[3],"[1, 18]","[13, 15, 31, 32]",[51],[],"[""b9obospxgaochxxmvuxb"", ""swg9ssnhbolydey6q2uh"", ""jsfv8qiwlxgexwvhqhp5""]",[],"[""https://www.starcontrol.com/"", ""https://www.twitch.tv/directory/game/Star%20Control%20II"", ""https://store.steampowered.com/app/358920"", ""https://en.wikipedia.org/wiki/Star_Control_II""]","[2495, 2500]",,,co2d9l,0,2026-04-24 07:47:58.871519+00,0,f
11035,Victoria: Revolutions,victoria-revolutions,"Victoria: Revolutions is the expansion pack for Victoria: An Empire Under the Sun. It features 15 extra years of gameplay, an expanded tech tree to cover the interwar period, a doomsday converter, a revamped election and politics system, a new ideology (fascism), an overhauled military system and a new economic system that brings more realism through various economic models.","",,,2006-08-17 00:00:00+00,[],"",[],[],[],[],[],95.95427300219322,5,,0,95.95427300219322,5,0,0,"[1, 2]",[3],[22],[15],"[149, 4134, 5657]",[],"[""mdqxcdtswljhqxa0dszv"", ""icne0wqrpfhtax0mqhlt"", ""engfzly6xo4spwknvxwb"", ""r2wolddy1wnotgnf8ypy"", ""x4qf7tf8gf0d0mthicfg""]",[],"[""https://store.steampowered.com/app/42980"", ""http://www.paradoxplaza.com/""]","[27049, 27048]",,11036,co4h8f,2,2026-04-24 07:47:58.872959+00,0,f
1454,Suikoden II,suikoden-ii,"Experience An Epic Tale of Warfare, Magic, Friendship And Betrayal

-New tactical map battles add a whole level of strategy
-Fantastic spells with stunning animation sequences and specialized attacks
-Over 108 different characters can join your party and help you on your quest
-Unlock hidden storylines using your memory card data from the original Suikoden
-Build up your castle during the game to a thriving virtual community","",,,1998-12-17 00:00:00+00,[2792],"",[],[328111],[],[],"[1253332, 1253333]",91.71904844399268,109,100,1,95.85952422199634,110,0,0,[1],[2],"[17, 22]","[12, 15, 16]","[151, 415, 589, 1107, 2327, 4248, 4359, 4862, 4998, 5307, 5518, 6064, 6325, 8983, 9339, 9637, 11281, 41044]",[],"[""viaw99elsmb8tf0rghqu"", ""rqgyp64x7lbojkumkduh"", ""qum0dv6elfxbnkdrzkuk""]","[""RRXzw5XcSy8""]","[""https://en.wikipedia.org/wiki/Suikoden_II"", ""https://suikoden.fandom.com/wiki/Suikoden_II"", ""https://www.twitch.tv/directory/game/Suikoden%20II""]",[3096],,,co1y6a,0,2026-04-24 07:47:58.875209+00,0,f
202311,Mass Effect: Genesis,mass-effect-genesis,"Mass Effect: Genesis is a downloadable ""interactive backstory comic"". Genesis fills the role of Mass Effect for new players by introducing them to the story of the original game and allowing them to make six of the major plot decisions that players could make. If downloaded, the comic appears between the opening level and character customization. There are two versions of the comic, one each for a male and female Commander Shepard.","",,,2011-01-18 00:00:00+00,[1048],"",[],[],[],[],[],95.73598652491988,9,,0,95.73598652491988,9,0,0,[1],[5],[18],[34],[],[],"[""scmf3m"", ""scmf3n"", ""scmf3o""]",[],"[""https://en.wikipedia.org/wiki/List_of_Mass_Effect_2_downloadable_content"", ""https://masseffect.fandom.com/wiki/Mass_Effect:_Genesis""]","[171912, 171913, 171914]",,74,coa9vn,1,2026-04-24 07:47:58.877586+00,0,f
149228,Polity,polity,"Polity is a casual cross-platform MMORPG set in a dynamic, player-driven world. Players have the opportunity to govern colonies, join other colonies, explore the world, uncover the lore or master diverse skills such as farming, forestry, fishing etc. With a wide variety of features such as quests, achievements, puzzles, mini-games, and crafting, along with extensive customization options, Polity encourages players to forge their own path and create their own unique journey within its expansive virtual realm.","The game is set on a mysterious planet called Blue Dot 2 (BD-2). This planet is discovered by an AI-powered spaceship, JP-01G. The AI system collects data about this mysterious planet: It is mostly covered with water, but there is no sign of life. A new civilization is ready to build on BD-2: Platforms are waiting for their citizens. Here is where your journey begins. During this journey, you will find your own path while exploring the world you are comfortable in. Come and start to explore the world of Polity!",,,2024-06-27 00:00:00+00,[],"",[],[],[],[],"[606712, 606708, 985084, 985086, 985088, 985090, 985094, 985096, 1032948, 1032949, 1032950, 1032951, 1032952, 1032953, 1032954, 1034169, 1034164, 1034165, 1034166, 1034167, 1034168]",95.6880227688091,12,,0,95.6880227688091,12,0,1,"[1, 2, 3, 5]",[3],"[21, 38]","[2, 9, 12, 13, 32]","[72, 182, 510, 606, 2760, 3138, 3533, 4399]",[],"[""scsxp1"", ""scsxou"", ""scsxov"", ""scsxox"", ""scsxoy"", ""scsxoz"", ""scsxp0"", ""scsxow"", ""scsxp2""]","[""DoOnP4dW1dU"", ""ZPMk2fof528"", ""T1o0OTsjV3o"", ""whkqWpBKfsY""]","[""https://store.steampowered.com/app/1479480"", ""https://www.polityonline.com/"", ""https://apps.apple.com/app/polity-online-role-playing/id1623977845?l=en"", ""https://www.twitch.tv/polityonline"", ""https://www.facebook.com/polityonline"", ""https://www.youtube.com/channel/UCbwQ8ZrZy60X9f8OEtly1Nw"", ""https://apps.apple.com/app/polity-online-role-playing/id1623977845?l=en"", ""https://play.google.com/store/apps/details?id=com.jib.polity"", ""https://twitter.com/polityonline"", ""https://www.instagram.com/polityonline"", ""https://discord.gg/VcdDbMZR""]",[274325],,,co8fui,0,2026-04-24 07:47:58.879499+00,0,f
14173,Heroes of Might and Magic III: Horn of the Abyss,heroes-of-might-and-magic-iii-horn-of-the-abyss,"Heroes of Might and Magic III: Horn of the Abyss also known as HotA is a fan-made full scale add-on for Heroes of Might and Magic III, designed to continue the classical Heroes 3 add-on series of RoE/AB/SoD.
The aim of the project is to create an add-on for Heroes of Might and Magic III: The Shadow of Death with lots of new features. The main focus of add-on is the quality of every single aspect of the modded game. This includes the careful fixes of the original game balance, removal of the graphical imperfections left by the developer, and of course, a huge amount of new content, like new campaigns, new map objects and even a new playable faction - The Cove. The project pretends to be fully lore-wise and keeps connection with the original Might and Magic universe.","",,,2011-12-31 00:00:00+00,[458],"",[],[],[],[],"[1274156, 1274157, 1274158]",95.65457168059594,31,,0,95.65457168059594,31,0,3,"[1, 2, 3]",[3],[17],"[12, 15, 16, 24, 32]","[2004, 24124]",[],"[""scxiww"", ""scxiwy"", ""scxix0"", ""scxix1"", ""scxix2"", ""scxix3"", ""scxix4"", ""scxix5"", ""scxix6"", ""scxiwx"", ""scxiwz""]","[""EzMVhuAvxfc""]","[""https://heroes.thelazy.net/index.php/Horn_of_the_Abyss"", ""https://h3hota.com/en/documentation"", ""https://www.gog.com/en/game/heroes_of_might_and_magic_iii_horn_of_the_abyss"", ""https://www.facebook.com/h3hotaofficial"", ""https://www.youtube.com/@HornoftheAbyss"", ""https://discord.gg/eQ2QYGNE""]",[99879],,366,co99tg,5,2026-04-24 07:47:58.881175+00,0,f
39601,Melty Blood Act Cadenza Ver. B,melty-blood-act-cadenza-ver-b,"Melty Blood Act Cadenza Ver. B is an arcade port of Melty Blood Act Cadenza with various changes and upgrades, the most notable of which is the inclusion of White Len as a playable character, with a significantly weakened moveset. It also introduced a fifth button that served as a contextual action depending on the situation and the direction held on the joystick when pressed, such as dodging or throwing. This version can be identified by a dual silhouette of Len and White Len in the logo and the phrase ""Through the Looking-Glass, Northern Light transparently"".","",,,2006-12-26 00:00:00+00,"[2250, 2588]","",[],[],[],[],[],95.62084608660817,6,,0,95.62084608660817,6,0,0,"[1, 2]",[4],[],[4],[],[],"[""sc96xr"", ""sc96xs""]","[""QBwyOoV_M2g""]","[""https://typemoon.fandom.com/wiki/Melty_Blood_Act_Cadenza"", ""https://en.wikipedia.org/wiki/Melty_Blood"", ""https://e56.info/mbacwin/index.html"", ""https://www.reddit.com/r/meltyblood"", ""https://www.twitch.tv/directory/game/Melty%20Blood%3A%20Act%20Cadenza%20Ver.%20B""]","[122977, 122982, 122983]",,39602,co2wp1,10,2026-04-24 07:47:58.883183+00,0,f
33000,Tomoyo After: It's a Wonderful Life - Memorial Edition,tomoyo-after-its-a-wonderful-life-memorial-edition,"From renowned visual novel studio Key, this is the sequel to the highly acclaimed visual novel Clannad. Featuring a truly memorable continuation to Tomoya and Tomoyo's journey, Tomoyo After promises to draw you even further into Clannad's world.","",,,2010-04-30 00:00:00+00,[],Memorial Edition,[],[],[],[],"[452948, 452949, 452950]",95.4616363134223,5,,0,95.4616363134223,5,0,0,[1],"[1, 5]","[27, 31]","[12, 15, 31, 34]",[],[],"[""snmtwgugxp0rbfm0eogf"", ""yda1qgezvcch2dwum2bw"", ""dsxmsrt9eean7ufuiacm"", ""exn7nftkwxv5kmnnspcc"", ""ejqm2n5d5gcgdbj9uj8d""]",[],"[""https://store.steampowered.com/app/462990""]","[88589, 282531, 287293]",,,co44qe,0,2026-04-24 07:47:58.884749+00,0,f
106819,Final Fantasy XIV: Complete Edition,final-fantasy-xiv-complete-edition,The complete edition includes the award-winning FINAL FANTASY XIV: A Realm Reborn and the Heavensward and Stormblood expansion packs.,"",,,2017-06-20 00:00:00+00,[4],Complete Edition,[],[],[],[],[],95.4439203146529,25,,0,95.4439203146529,25,0,0,[5],[2],"[17, 38]",[12],"[236, 521, 2392]",[],"[""sc7h0q"", ""sc7h0u"", ""sc7h0v"", ""sc7h0r"", ""sc7h0s"", ""sc7h0t"", ""sc7h0x"", ""sc7h0w""]",[],"[""http://www.finalfantasyxiv.com/"", ""http://ffxiv.wikia.com/wiki/FFXIV_Wiki"", ""https://store.steampowered.com/app/39210/FINAL_FANTASY_XIV_Online"", ""https://en.wikipedia.org/wiki/Final_Fantasy_XIV""]","[249110, 249111]",,,co9heg,3,2026-04-24 07:47:58.886228+00,0,f
8204,iRacing,iracing,"From NASCAR, rallycross, and Aussie Supercars to sports cars and Grand Prix racing, iRacing has it all. All you need is a computer, a gaming wheel or game pad that simply plugs into the USB port of your computer and an Internet connection. iRacing centrally organizes all of the racing for you with over 150 cars and tracks, 40 official series , or you can choose to host your own race or race in one of over 800 private leagues.","",,,2008-08-26 00:00:00+00,[],"",[],[],[],[],"[234149, 234150, 234148]",95.38874617827146,45,,0,95.38874617827146,45,0,0,"[1, 2, 5]","[1, 7]",[32],"[10, 13, 14]","[895, 1333, 2478, 4205, 4400, 4583, 5305, 5333, 5789, 7041, 7303, 8156, 8220, 9841, 12189]",[],"[""nmeh1olcpfmd8nplsjnr"", ""odrxhvygewt1ijhgi5vy"", ""k3oqi9u4x2hv84evsfpj"", ""pqqox0fjwdqzu01c9con"", ""yssjt2xa5lfaewucoawf""]","[""rLfkPntDlO8""]","[""https://www.instagram.com/iracingofficial"", ""https://twitter.com/iRacing"", ""https://www.facebook.com/iracing"", ""https://store.steampowered.com/app/266410"", ""http://www.iracing.com"", ""https://en.wikipedia.org/wiki/IRacing"", ""https://www.twitch.tv/directory/game/iRacing.com"", ""https://www.epicgames.com/product/iracing"", ""https://www.youtube.com/user/iRacingTV"", ""https://www.reddit.com/r/iRacing""]","[47735, 148564]",,,co2sjw,0,2026-04-24 07:47:58.887799+00,0,f
80002,Troubleshooter: Abandoned Children,troubleshooter-abandoned-children,"Troubleshooter: Abandoned Children is the first season of a turn-based strategy SRPG that takes place in the world of Troubleshooter, wherein the Valhalla government granted civilians the right to investigate and arrest criminals in order to lower the rising crime rate. People call these civilians Troubleshooter.

10 years have passed since the introduction of the troubleshooter system. Albus, a 20-year-old young man, becomes an official troubleshooter. Albus first starts his company on his own but soon takes in many colleagues as he solves more cases. All these new members of the company have their own motivations and stories. You will be experiencing a variety of missions in Valhalla through their stories.","""Troubleshooter is a turn-based RPG with the story of Albus and the events happening around him. The story begins with Albus becoming an official Troubleshooter who then returns to his hometown to begin his journey as he meets new friends and colleagues on the way.""",,,2020-04-23 00:00:00+00,[],"",[],[],[],"[144452, 224997]","[378572, 378574, 378576, 378578, 378580, 378584, 378582, 378586]",95.23643824482689,7,,0,95.23643824482689,7,0,0,[1],"[2, 3]","[18, 39]","[12, 15, 16, 32]",[],[],"[""xrbpxxf1uxoezyb17kek"", ""q8pepehlnvntcd7qxbiy"", ""lcaicierrfmyyokqpngm"", ""lxqhfkfadohfsqcdyfw9"", ""v0nvvedpubhcwqei101s""]","[""b0q1SqOMYXE""]","[""https://www.youtube.com/channel/UCXfqI5ThVXWK47kbAAntulg"", ""https://www.facebook.com/BraveTroubleshooter"", ""https://twitter.com/BraveDandyLion"", ""https://store.steampowered.com/app/470310"", ""http://www.dandylion.co.kr"", ""https://www.twitch.tv/directory/game/TROUBLESHOOTER%3A%20Abandoned%20Children""]",[59603],,,co21q6,0,2026-04-24 07:47:58.88934+00,0,f
119133,Elden Ring,elden-ring,"Elden Ring is an action RPG developed by FromSoftware and published by Bandai Namco Entertainment, released in February 2022. Directed by Hidetaka Miyazaki, with world-building contributions from novelist George R. R. Martin, the game features an expansive open world called the Lands Between. Players assume the role of a customisable character known as the Tarnished, who must explore this world, battle formidable enemies, and seek to restore the Elden Ring to become the Elden Lord.

The game builds on the challenging gameplay mechanics familiar from the Dark Souls series but introduces a more open-ended structure with vast exploration, dynamic weather, and a day-night cycle. It offers deep lore, complex characters, and an interconnected world filled with secrets, dungeons, and powerful bosses.","Elden Ring takes place in the Lands Between, a fictional realm over which several demigods rule. It was previously ruled over by the immortal Queen Marika, who acted as keeper of the Elden Ring, a powerful force that manifested itself as the physical concept of order. When Marika shattered the Elden Ring and disappeared, her demigod children began fighting over pieces of the Ring in an event called The Shattering. Each demigod has a shard of the Ring called a Great Rune, which corrupts them with power. In the game, the player character is a Tarnished, one of a group of exiles from the Lands Between who are summoned back after the Shattering. The player must traverse the realm to repair the Elden Ring and become the Elden Lord.",,,2022-02-25 00:00:00+00,[],"",[],[],[240009],[],"[211093, 211095, 211094, 211092, 211096, 234332, 234331, 234333, 234334, 234335, 234336, 234337, 234338, 234339, 234344, 234341, 234342, 234350, 234345, 234348, 234343, 234349, 234346, 234340, 234351, 234347, 234352]",93.57179968086041,2088,96.9,10,95.2358998404302,2098,0,96,"[1, 2, 3]",[2],"[1, 17, 38]","[12, 31]","[72, 98, 105, 109, 151, 162, 226, 227, 250, 332, 558, 623, 701, 905, 1032, 1065, 1293, 1317, 1320, 1333, 1345, 1494, 1524, 3433, 3486, 4004, 4135, 4150, 4272, 4359, 4392, 4397, 4580, 4613, 4759, 4770, 4777, 4843, 4850, 4852, 4855, 4886, 4891, 4897, 5018, 5019, 5323, 5541, 5840, 5999, 6648, 6716, 7080, 7369, 7423, 7653, 9533, 9777, 9781, 9782, 12083, 16877, 17326, 17689, 24287, 38778, 39010, 39011, 39025, 39034, 39041, 39046, 39049, 39942, 40744, 42105, 43613, 44373, 44629, 47799, 48013, 48014, 48097, 48116, 48594]",[28375],"[""scagdm"", ""scagdn"", ""scagdo"", ""scagdp"", ""scagdq"", ""scagdr"", ""scagds"", ""scf2s1"", ""scu5kw"", ""scu5kx""]","[""D1mDo1CEMuE"", ""E3Huy2cdih0"", ""qqiC88f9ogU"", ""D8YkCHkWRyk"", ""DbPbQMuEyX8"", ""l6pCyV7PnqI"", ""e5wwSxl0atc""]","[""https://www.twitch.tv/directory/game/Elden%20Ring"", ""https://www.youtube.com/c/BandaiNamcoEntertainmentAmerica"", ""https://bsky.app/profile/eldenring.bsky.social"", ""https://store.playstation.com/en-us/concept/10000333"", ""https://www.xbox.com/en-us/games/store/elden-ring/9P3J32CTXLRZ"", ""https://store.steampowered.com/app/1245620"", ""https://www.facebook.com/ELDENRINGEU"", ""https://twitter.com/ELDENRING"", ""https://discord.gg/invite/eldenring"", ""https://www.bandainamcoent.com/games/elden-ring"", ""https://reddit.com/r/EldenRing"", ""https://www.instagram.com/eldenring?hl=en"", ""https://eldenring.wiki.gg/"", ""https://en.wikipedia.org/wiki/Elden_Ring""]","[334813, 334814]",,,co4jni,0,2026-04-24 07:47:58.89116+00,0,f
56006,The House in Fata Morgana: A Requiem for Innocence,the-house-in-fata-morgana-a-requiem-for-innocence,"A Requiem for Innocence main episode is a prequel to the original ""The House in Fata Morgana"", comes with several sub episodes that are companions to the game.","",,,2015-08-16 00:00:00+00,[],"",[],[],[],[],"[359758, 359757, 359755, 359752, 359762, 359760, 359763, 359765]",95.18094762465739,6,,0,95.18094762465739,6,0,0,[1],[5],"[19, 20, 31, 43]","[31, 34]",[1669],[],"[""kpkxwcnxtsceqfxbxavs"", ""ml8wc9lh7uaouijyqjuu"", ""vujncbbdudzwy5rnjmlq"", ""eo6oj5r4ebfkjsizt1vv"", ""chdgoxm5lgr7bnwsljtw"", ""xit0kcti17ko0aliq2vm"", ""dqxbsszooxwazmpmbvgb""]",[],"[""https://store.steampowered.com/app/804700"", ""https://www.twitch.tv/directory/game/The%20House%20in%20Fata%20Morgana:%20A%20Requiem%20for%20Innocence"", ""http://mangagamer.org/fatamorgana/""]","[67774, 67775]",,,co43un,0,2026-04-24 07:47:58.893879+00,0,f
284570,Fate/Stay Night Remastered,fate-slash-stay-night-remastered,"A remastered version of Fate/Stay Night, a fantasy action drama visual novel and TYPE-Moon's first-ever commercial release in 2004. Based on the 2012 release of Réalta Nua, it features a series-first adaptation into languages such as English and Simplified Chinese, as well as graphics and animations rendered in full HD.

Experience in vivid detail the story of Shirou Emiya, a teenage boy with dreams of becoming a Hero of Justice, and his battle revolving around the omnipotent wish-granting vessel, the Holy Grail.","The Holy Grail War is a ritual held in Fuyuki City by magi grasping to reach the Root. Seven magi, known as Masters, gather to compete over possession of the Holy Grail, which possesses the power to fulfill any of its bearer's wishes. They fight other Masters for supremacy by summoning Heroic Spirits, known as Servants, called upon by the Holy Grail. However, throughout the past four Holy Grail Wars, history has yet to see a single victor.

During the Fourth Holy Grail War ten years ago, Shirou Emiya was saved from amidst the fires of war by the self-proclaimed mage Kiritsugu Emiya. The young Shirou started living with Kiritsugu and persistently asked for instruction in magecraft, much to the mage's disapproval. On the night prior to Kiritsugu's death, Shirou promised his adoptive father that he'll become a Hero of Justice.

Fast forward to the present. On one quiet eve, Shirou gets involved in the Holy Grail War and is assailed by a Servant. Just as the glint of steel threatens to take his life, a girl clad in knightly armor appears to stop the fatal attack. The Servant, who came to the rescue of the would-be Hero of Justice, and the Master, saved by the Heroic Spirit of the Sword; their fates are in motion...",,,2024-08-07 00:00:00+00,[875],"",[],[],[],[],"[889046, 889047, 889048, 889049, 889070, 889071, 889072]",95.16129032258064,5,,0,95.16129032258064,5,0,4,[1],[5],[17],"[31, 34]",[],[],"[""scthkq"", ""scthkr"", ""scthki"", ""scthkj"", ""scthkk"", ""scthkl"", ""scthkm"", ""scthkn"", ""scthko"", ""scthkp""]","[""K_hHrpAp8rU"", ""IeHShG5Bv-8""]","[""https://www.nintendo.com/us/store/products/fate-stay-night-remastered-switch/"", ""https://twitter.com/Fate_SN_Game"", ""http://typemoon.com/products/f-sn/"", ""https://store.steampowered.com/app/2396980"", ""https://www.youtube.com/@TYPE-MOON_GAMES"", ""https://www.twitch.tv/directory/category/fate/Stay%20Night%20Remastered""]","[279509, 279510, 279508]",,146062,co8mt8,9,2026-04-24 07:47:58.895803+00,0,f
134157,tModLoader,tmodloader,"tModLoader (TML) is an open-source, community-driven modification and expansion of the Terraria game that makes it possible to make and play mods.","",,,2020-05-17 00:00:00+00,[],"",[],[],[],[],"[354948, 354950, 354952, 354953, 354954, 354955, 354956, 354957, 354947]",95.0939556584325,15,,0,95.0939556584325,15,0,0,"[1, 2, 3]",[4],"[1, 33]","[8, 12, 13, 15, 31, 32]",[2792],"[10665, 10663, 10664]","[""scabrp"", ""scabs5"", ""scabse"", ""scabsh"", ""scabsg"", ""scabsj"", ""scabrs"", ""scabrv"", ""scabry"", ""scabs0"", ""scabs3"", ""scabs4"", ""scabs7"", ""scabs8"", ""scabsa"", ""scabsc"", ""scabsi"", ""scabsk"", ""scabsl""]","[""hg2A2dTQjAw""]","[""https://www.tmodloader.net/"", ""https://store.steampowered.com/app/1281930/tModLoader"", ""https://twitter.com/tmodloader_devs"", ""https://github.com/tModLoader/tModLoader/wiki"", ""https://discord.gg/tmodloader""]","[113229, 113230]",,1879,co48gu,5,2026-04-24 07:47:58.899914+00,0,f
119171,Baldur's Gate III,baldurs-gate-iii,"An ancient evil has returned to Baldur's Gate, intent on devouring it from the inside out. The fate of Faerun lies in your hands. Alone, you may resist. But together, you can overcome.","The land of Faerûn is in turmoil. Refugees cross the wilds, fleeing the helltorn stronghold of Elturel. A vicious cult marches across the Sword Coast, uniting every race of monsters and men under the banner of a cryptic god they call the Absolute. Chaos strikes at Faerûn's foundations, and none may escape its talons. Not even you.

The grotesque nautiloid ship appears out of nowhere, blotting out the sun. Its writhing tentacles snatch you from where you stand. The mind flayers have come, imprisoning you on their ship, infecting you with their horrid parasite. You will become one of them.

By fate or fortune, you survive when the nautiloid crashes in the Sword Coast outlands. You set out for civilisation, desperate for a cure for the parasite festering in your brain, only to take centre stage in a conspiracy that runs as deep as the Nine Hells. New enemies await.

As for old foes... the shadows stir.
And all roads lead to the legendary city of Baldur's Gate.",,,2023-08-03 00:00:00+00,"[43, 6951]","",[],[],[],[],"[233666, 233668, 233670, 233672, 233674, 233676, 233678, 233680, 233682, 233686, 233684, 233685, 233687, 233688, 233689, 233690, 233691, 233692, 233693, 793408, 744315, 744316, 744317, 863445, 863446, 863447, 863448, 863449, 1284199]",95.66412750018733,1421,94.5,10,95.08206375009367,1431,0,39,"[1, 2, 3, 4]",[3],"[1, 17]","[12, 15, 16]","[72, 98, 109, 129, 151, 182, 223, 226, 415, 422, 510, 537, 1069, 1308, 1313, 1345, 1884, 1923, 1931, 1961, 2228, 2242, 2377, 3534, 3586, 4248, 4272, 4284, 4399, 4471, 4823, 4850, 4855, 4998, 9005, 9181, 12083, 17092, 25527, 25963, 27054, 37861, 39024, 39033, 39034, 39039, 39041, 39046, 43103, 43481, 43861]","[24930, 25469]","[""sc81fj"", ""sc81fh"", ""sc81ff"", ""sc81fl"", ""sc81fn"", ""sc81fe"", ""sctm4z"", ""scxvxn"", ""scxvxo"", ""scxtb7"", ""scxtb8"", ""scxtb4"", ""scxtb5"", ""scxtb6"", ""scxvy0"", ""scxvy1""]","[""jNY7AEQ59-8"", ""o5xpbAsly48"", ""tavPnYeFrV4"", ""zTX79cgruXE"", ""t0uYhTLPGLQ"", ""XuCfkgaaa08"", ""OcP0WdH7rTs"", ""Ks-KF9iueE0""]","[""https://www.youtube.com/LarianStudios/"", ""https://baldursgate3.game"", ""https://store.playstation.com/en-us/concept/10007460"", ""https://www.xbox.com/en-us/games/store/baldur's-gate-3/9ND58LQTG09T"", ""https://x.com/baldursgate3"", ""https://www.facebook.com/baldursgate3/"", ""https://www.gog.com/en/game/baldurs_gate_iii"", ""https://store.steampowered.com/app/1086940"", ""https://www.twitch.tv/directory/game/Baldur's%20Gate%203"", ""https://en.wikipedia.org/wiki/Baldur%27s_Gate_III"", ""https://www.reddit.com/r/BaldursGate3/"", ""https://bg3.wiki/wiki/Baldur%27s_Gate_3"", ""https://discord.gg/invite/larianstudios"", ""https://www.instagram.com/larianstudios/"", ""https://bsky.app/profile/larianstudios.com""]","[214383, 301215, 334788]",,,co670h,0,2026-04-24 05:47:25.540888+00,0,f
178264,Bad End Theater,bad-end-theater,"Welcome to Bad End Theater! Select your protagonist and explore a variety of terrible fates! The decisions you make in one story will affect the others. you can toggle these behaviors to open up new paths! unfortunately, every path leads to a bad ending... Can you find a way to save this unlucky cast? Playtime: 2-3 hours to see all endings (it's a puzzle game, so this varies widely).","",,,2021-10-26 00:00:00+00,[],"",[],[],[],[],"[46465, 46441, 46442, 46443, 46444, 46445, 46446, 46447, 46448, 46449, 46450, 46451, 46452, 46453, 46454, 46455, 46456, 46457, 46458, 46459, 46460, 46461, 46462, 46463, 46464, 46466, 46467, 46468, 46469, 46470, 46471, 46472, 46473, 46474, 46475, 46476, 46477, 46478, 46479, 46480, 639451, 721566, 1318455, 1318456]",95.0559987973918,24,,0,95.0559987973918,24,0,0,[1],"[2, 5]","[17, 44]","[9, 13, 31, 32, 34]","[78, 288, 422, 1069, 1186, 1204, 1308, 1313, 1387, 1780, 2426, 3138, 3257, 3534, 17088, 23856, 26965]",[],"[""sceej5"", ""sceej6"", ""sceej7"", ""sceej8"", ""sceej9"", ""sceeja""]","[""-4lJhUd0qpQ"", ""Xyw1-jnXfnE""]","[""https://www.gog.com/en/game/bad_end_theater"", ""https://www.reddit.com/r/BadEndTheater/"", ""https://store.playstation.com/en-us/concept/10011688"", ""https://www.nintendo.com/us/store/products/bad-end-theater-switch/"", ""https://www.xbox.com/en-us/games/store/bad-end-theater/9p8mqd8d339q"", ""https://badendtheater.fandom.com/wiki/Bad_End_Theater"", ""https://www.youtube.com/channel/UCSNzbhbYnbOFBVFzu_CQNmw/"", ""https://www.twitch.tv/directory/game/Bad%20End%20Theater"", ""https://nomnomnami.itch.io/bad-end-theater"", ""https://badendtheater.com/"", ""https://store.steampowered.com/app/1764390/BAD_END_THEATER"", ""https://play.google.com/store/apps/details?id=com.nomnomnami.badendtheater""]","[301311, 347753]",,,co44y4,0,2026-04-24 07:47:58.903737+00,0,f
75081,Umineko When They Cry: Answer Arcs,umineko-when-they-cry-answer-arcs,"This is the second half of the Umineko When They Cry sound novel series, featuring episodes 5 through 8. This version features multi-language options, swappable renewed character sprites, as well as the original BGMs and un-cut content.","",,,2017-11-17 00:00:00+00,[4961],"",[],[],[],[],"[76782, 76784, 76781, 76783]",95.04804804804805,10,,0,95.04804804804805,10,0,0,[1],[],"[19, 43]","[31, 34]","[129, 1180, 1313, 1438, 1590, 7387, 39988]",[],"[""gvo574estglgcmqmtln2"", ""uilyinmy3qibfufssad2"", ""lbmsrtubpg8uin88m2sf"", ""i7ctzyuirfqxt53fiuww"", ""iby1jxo5xwgogtx3kstf""]","[""KYd-qSK9ktM""]","[""https://store.steampowered.com/app/639490"", ""https://07th-expansion.net/"", ""https://www.gog.com/game/umineko_when_they_cry_answer_arcs"", ""https://www.twitch.tv/directory/game/Umineko%20When%20They%20Cry:%20Answer%20Arcs""]","[235076, 235077]",,,co78v5,3,2026-04-24 07:47:58.905253+00,0,f
8042,Mewgenics,mewgenics,"From the creator of The Binding of Isaac, Super Meat Boy and The End is Nigh comes... Mewgenics! A game where you hoard, breed, train and set cats out on epic adventures through a sprawling world of complete chaos.
Level up your team as you venture further and further from your home, collect unique items, defeat epic bosses, gain mutations and return home so you you can breed and further your bloodline, in this turn based legacy roguelike draft sim about cats!","",,,2026-02-10 00:00:00+00,[],"",[],[],[],[],"[205022, 1532604, 1532605, 1532606, 1532603, 1550651]",99.03304500035193,25,91,2,95.01652250017597,27,0,22,[1],[3],[27],"[12, 13, 16, 31, 32]","[577, 816, 817, 818, 1158, 1369, 2058, 4134, 4329, 4541, 5305, 5327, 5638, 8215]",[],"[""sc11ozv"", ""sc11ozw"", ""sc11ozx"", ""sc11ozy"", ""sc11ozz"", ""sc11p00"", ""sc11p01"", ""sc11p02"", ""sc11p03"", ""sc11p04""]","[""KXCp8xS0YzI"", ""YyWcrDKg9hA"", ""FhxmMH8VohA"", ""9ruLQ1Hmhjs""]","[""https://en.wikipedia.org/wiki/Mewgenics"", ""https://mewgenics.wiki.gg/wiki/Mewgenics_Wiki"", ""https://www.reddit.com/r/mewgenics/"", ""https://discord.gg/invite/mewgenics"", ""https://store.steampowered.com/app/686060/Mewgenics"", ""http://www.mewgenics.com/"", ""https://www.twitch.tv/directory/category/mewgenics""]","[192250, 371483]",,,co9n5k,0,2026-04-24 07:47:58.907049+00,0,f
322126,Clone Drone in the Hyperdome,clone-drone-in-the-hyperdome,"Cut robots apart in VR. Feel your sword disintegrate their metal bodies. Now you live and die in the Crashloop, a roguelike tournament to the death. Lock swords! Shoot shurikens from your wrist! This is CLONE DRONE... in the HYPERDOME!!!","You are Blink, a teleporting robot who is the newest “looprunner” gladiator to compete in the Crashloop, a deadly roguelike tournament to the death.",,,2024-12-12 00:00:00+00,[],"",[],[],[],[],"[1117761, 1117762, 1117763]",,0,95,1,95,1,0,0,[1],[7],"[1, 27]","[4, 32]",[575],[],"[""scufr2"", ""scufqw"", ""scufr5"", ""scufqx"", ""scufqy"", ""scufqz"", ""scufr0"", ""scufr1"", ""scufr3"", ""scufr4""]","[""Lak9cQqVsrM"", ""54ug3ytfh_Q""]","[""https://www.youtube.com/@doborog"", ""https://discord.gg/Doborog"", ""https://store.steampowered.com/app/2401230/Clone_Drone_in_the_Hyperdome/""]",[295381],,,co91ic,0,2026-04-24 07:47:58.909388+00,0,f
320770,Vampire Survivors: Ode to Castlevania,vampire-survivors-ode-to-castlevania,"The Vampire Survivors have come a long way in their honorable hunt, and after joining forces with the Belmont Family, they are the closest they've ever been. Finally, within their grasp... A vampire. Possibly, at least.","",,,2024-10-31 00:00:00+00,[895],"",[],[],[],[],"[1424772, 1424771, 1381428, 1381429, 1381430, 1381431, 1381432, 1381433, 1381434, 1381435, 1381436, 1381437, 1381438, 1381439, 1381440]",,0,95,1,95,1,0,1,"[1, 2, 3]",[3],"[1, 17, 21]","[12, 32, 33]","[911, 17160, 17292, 27510]",[],"[""scub4t"", ""scub4u"", ""scub4v"", ""scub4w"", ""scub4x"", ""scub4y"", ""scub4z""]","[""aGAlK-DIeAE""]","[""https://www.twitch.tv/directory/category/vampire-survivors"", ""https://www.nintendo.com/us/store/products/vampire-survivors-ode-to-castlevania-70050000052062-switch/"", ""https://store.epicgames.com/en-US/p/vampire-survivors-vampire-survivors-ode-to-castlevania-42bb1f"", ""https://poncle.games/"", ""https://www.facebook.com/poncleVampire/"", ""https://www.instagram.com/poncle_games/#"", ""https://discord.com/invite/vampire-survivors"", ""https://vampire-survivors.fandom.com/wiki/Ode_to_Castlevania"", ""https://www.youtube.com/@poncle_Games"", ""https://store.steampowered.com/app/3210350/Vampire_Survivors_Ode_to_Castlevania/"", ""https://twitter.com/poncle_vampire""]",[292681],,186725,co8zb0,1,2026-04-24 07:47:58.911256+00,0,f
296834,Vampire Survivors: Operation Guns,vampire-survivors-operation-guns,"Grab your blaster, join Contra Force, and be the bullet hell in Vampire Survivors: Operation Guns

Assemble a squad of classic Characters and arm yourself with an explosive arsenal of arcade weaponry in this action packed expansion for Vampire Survivors. Blast through thousands of fearsome foes and bonkers bosses from throughout the lauded lineage of Contra games. Persist determinedly through prodigious stages inspired by iconic Konami series, but be prepared for a bullet-hell of a fight, because if your trigger finger lacks stamina, Earth may lack a future.

The DLC adds 11 characters, 22 weapons, 1 large stage, 1 bonus stage, 30 in-game unlocks and a 6 chapter adventure.",The President’s cousin’s sister’s dog has been kidnapped by Red Falcon. Are you bad enough to come to the rescue?,,,2024-05-09 00:00:00+00,[1811],"",[],[],[],[],"[971803, 971804, 971805, 971806, 971807, 971808, 971809, 971810, 971811, 971812, 971813, 971814, 1381441, 1381442, 1381443]",,0,95,1,95,1,0,0,"[1, 3]",[3],[1],"[12, 32]",[],[],"[""scrup4"", ""scrup5"", ""scrup7"", ""scrupi"", ""scrupj"", ""scrupa"", ""scrupc"", ""scrupe"", ""scrupg"", ""scruph""]","[""JL-73l_hCMg""]","[""https://www.nintendo.com/us/store/products/vampire-survivors-operation-guns-70050000047744-switch/"", ""https://www.instagram.com/poncle_games/#"", ""https://store.epicgames.com/en-US/p/vampire-survivors-vampire-survivors-operation-guns-33691d"", ""https://poncle.games/"", ""https://x.com/poncle_vampire"", ""https://www.facebook.com/poncleVampire/"", ""https://discord.com/invite/vampire-survivors"", ""https://www.youtube.com/@poncle_Games"", ""https://store.steampowered.com/app/2887680""]",[262647],,186725,co82cf,1,2026-04-24 07:47:58.912929+00,0,f
274832,Remnant II: The Awakened King,remnant-ii-the-awakened-king,"The One True King has awakened and is out for blood. Corrupted by the Root during his near-death slumber, the mad king sees betrayal at every turn and is on a rampage of revenge. Since his castle first arrived in a Dran coastal town, the tides are angry and the weather is chaotic, surfacing all manner of creatures from the depths and leaving many mysteries in its wake.

This DLC adds the Ritualist archetyp, a new storyline, dungeons and area based in the world of Losomn. It includes a wide array of new weapons, modifications, amulets, and rings along with new bosses, characters and fearsome creatures to encounter.","",,,2023-11-14 00:00:00+00,[],"",[],[],[],[],"[838326, 838329, 838311, 838312, 838313, 838314, 838315, 838316, 838317, 838318, 838319, 838320, 838321, 838322, 838323, 838324, 838325, 838327, 838328, 838330, 838331, 838332, 838333, 838334, 838335, 838336, 838337, 838338, 838339]",,0,95,1,95,1,0,0,"[1, 3]",[2],"[1, 17, 18]","[5, 12, 31]",[],[],"[""scpexd"", ""scpexf"", ""scpex9"", ""scpexa"", ""scpexb"", ""scpexc"", ""scpexe"", ""scpex8"", ""scpex7""]","[""9h7RPuu4MWM"", ""yUtFAI6PxZY""]","[""https://instagram.com/RemnantGame"", ""https://discord.gg/RemnantGame"", ""https://youtube.com/RemnantGame"", ""https://facebook.com/RemnantGame"", ""https://twitch.tv/RemnantGame"", ""https://twitter.com/remnant_game"", ""https://www.remnantgame.com/"", ""https://store.steampowered.com/app/2384073"", ""https://store.epicgames.com/en-US/p/remnant-2--the-awakened-king""]","[240482, 240483]",,228535,co7bud,1,2026-04-24 07:47:58.914374+00,0,f
269204,Subpar Pool,subpar-pool,"A whimsical adventure of playful pocket antics at the intersection of golf and pool, from the developer behind holedown, twofold inc & rymdkapsel.","",,,2023-10-12 00:00:00+00,[],"",[],[],[],[],"[807737, 817687]",,0,95,1,95,1,0,0,[1],[],[1],"[9, 13, 14, 33]",[],[],"[""scoryq"", ""scoryr"", ""scorys"", ""scoryt"", ""scoryu"", ""scoryv""]","[""9H3Z8U5zfJY""]","[""https://itunes.apple.com/us/app/subpar-pool/id1546080553?ls=1&mt=8"", ""https://www.nintendo.com/store/products/subpar-pool-switch/"", ""https://subparpool.com/"", ""https://www.youtube.com/c/grapefrukt"", ""https://twitter.com/grapefrukt"", ""https://bsky.app/profile/grapefrukt.com"", ""https://store.steampowered.com/app/2397120"", ""https://play.google.com/store/apps/details?id=com.grapefrukt.games.tilebreaker"", ""https://itunes.apple.com/us/app/subpar-pool/id1546080553?ls=1&mt=8""]",[234773],,,co786e,0,2026-04-24 07:47:58.915924+00,0,f
251938,Dicefolk,dicefolk,"Wield magical dice and build a team of powerful Chimeras to stop a mysterious evil in this tactical roguelite adventure. As a Chimera Summoner, recruit and create your perfect team of mythical beasts and command them to victory using unique dice mechanics.","Dicefolk is a tactical roguelite game based on customizable dice and monster-catching mechanics. On your adventure as a Chimera Summoner, you'll meet dozens of unique and powerful creatures that you can recruit to create the perfect team.

Play as Alea, a young Dicefolk hero who discovers her ability to befriend Chimera and fight back against evil forces threatening humanity’s extinction.",,,2024-02-27 00:00:00+00,[],"",[],[],[],[324415],"[704513, 704514, 704515, 704516, 704517, 704518, 704519, 704520, 704521, 704522, 882972, 882973, 882974, 882975, 882976, 882969, 882970, 882971]",,0,95,1,95,1,0,1,[1],[4],[17],"[15, 16, 24, 32]","[288, 416, 1931, 2399, 17292, 25792, 25826, 27419, 38865]",[],"[""scmt0o"", ""scmt0r"", ""scmt0s"", ""scmt0g"", ""scmt0k"", ""scmt0t"", ""scmt0q""]","[""gb4NB4l5vg0"", ""D5QpseqnV6c""]","[""https://www.nintendo.com/us/store/products/dicefolk-switch/"", ""https://play.google.com/store/apps/details?id=com.leapgs.dicefolk"", ""https://apps.apple.com/us/app/dicefolk/id6744707892"", ""https://store.steampowered.com/app/1996430"", ""https://dicefolk.wiki.gg/wiki/Dicefolk_Wiki"", ""https://twitter.com/dicefolk"", ""https://discord.gg/invite/tN3yxBv4tq"", ""https://www.youtube.com/@GoodShepherdEntertainment"", ""https://www.goodshepherd.games/games/dicefolk""]","[219655, 219656]",,,co6mcg,0,2026-04-24 07:47:58.917231+00,0,f
217363,Sektori,sektori,"Sektori is an intense, fast paced twin-stick shooter where every run is unique. Choose your upgrades carefully and create powerful builds to take on numerous enemies and epic bosses on a constantly evolving battlefield.","",,,2025-11-18 00:00:00+00,[],"",[],[],[],[],"[253011, 1362063, 1362064, 1362065, 1362056, 1362057, 1362058, 1362059, 1362060, 1362061, 1362062]",,0,95,1,95,1,0,1,[1],[3],[1],"[5, 32, 33]","[2216, 17371, 17872]",[],"[""scivxc"", ""scivxi"", ""scivxk"", ""scivxm"", ""scivxn""]","[""VWr9XhWHjYY"", ""yGWsLyZ0KPU""]","[""https://store.playstation.com/en-us/concept/10013523"", ""https://www.twitch.tv/directory/category/sektori"", ""https://bsky.app/profile/gimblll.bsky.social"", ""https://store.steampowered.com/app/2105620"", ""http://www.gimblll.com"", ""https://twitter.com/gimblll"", ""https://discord.gg/invite/bhMDFyBEpV""]","[289057, 289058]",,,co8ygz,0,2026-04-24 07:47:58.918719+00,0,f
192439,Ash of Gods: The Way,ash-of-gods-the-way,"A turn-based tactical story-driven card game set in a fantasy world of Ash of Gods. Two decks, three lines, six factions and a great deal of possibilities to create your own unique strategy.","",,,2023-04-27 00:00:00+00,[],"",[],[],[],[],"[592793, 592794, 592795, 592796, 592797, 677183, 677184, 677185, 685301, 685302, 657130, 657131, 657132, 1110254, 1110255, 1110256, 1110257, 1110258, 1110259, 1110260, 1110261]",,0,95,1,95,1,0,0,"[1, 2]",[3],"[17, 22]","[9, 12, 15, 16, 24, 31, 32, 35]",[288],[],"[""scfxr7"", ""scfxr8"", ""scfxr9"", ""scfxqy"", ""scfxr2"", ""scfxqz"", ""scfxr0"", ""scfxr1"", ""scfxr3"", ""scfxr4"", ""scfxr5"", ""scfxr6""]","[""aGVuiAdWQxs"", ""lXU-Nupjtng"", ""CytheVNQXZs"", ""et_0_woAj8c""]","[""https://www.facebook.com/AshOfGods"", ""https://www.nintendo.com/store/products/ash-of-gods-the-way-switch/"", ""https://store.steampowered.com/app/1293460"", ""https://aurumdust.com/ash-of-gods-the-way/"", ""https://twitter.com/AshOfGods"", ""https://discord.gg/ashofgods"", ""https://www.youtube.com/@AshofGods"", ""https://www.twitch.tv/directory/game/Ash%20of%20Gods:%20The%20Way"", ""https://store.epicgames.com/en-US/p/ash-of-gods-the-way-58bd36"", ""https://www.reddit.com/r/Ash_of_Gods/"", ""https://www.gog.com/en/game/ash_of_gods_the_way""]",[207760],,,co692t,0,2026-04-24 07:47:58.920301+00,0,f
159253,Final Fantasy: Pixel Remaster Collection,final-fantasy-pixel-remaster-collection,"The Final Fantasy: Pixel Remaster series will comprise FINAL FANTASY I through FINAL FANTASY VI, with each game releasing individually. For long-term fans that will be hugely exciting news - a chance to revisit some of their most beloved RPGs of all time in a way that perfectly captures the spirit of those original game.","",,,2021-07-28 00:00:00+00,[4],"",[],[],[],[],"[913312, 1109664, 1109665, 1109666, 1109656, 1109657, 1109658, 1109659, 1109660, 1109661, 1109662, 1109663]",,0,95,1,95,1,0,0,[1],"[3, 4]",[17],"[12, 31]",[1780],[],"[""scbtvr"", ""scbtvq"", ""scbtvp""]","[""nIgWhs-mq5g"", ""2n4CnfChxg8""]","[""https://www.twitter.com/finalfantasy"", ""https://www.xbox.com/en-us/games/store/final-fantasy-i-vi-bundle/9P012F2LCPHF"", ""https://www.nintendo.com/store/products/final-fantasy-i-vi-bundle-switch/"", ""https://store.playstation.com/en-us/product/UP0082-CUSA33837_00-FFBUNDLEPS4ENA06"", ""https://square-enix-games.com/en_US/news/final-fantasy-pixel-remaster"", ""https://store.steampowered.com/bundle/21478/FINAL_FANTASY_IVI_Bundle/"", ""https://www.twitch.tv/squareenix"", ""https://www.facebook.com/finalfantasy"", ""https://www.instagram.com/finalfantasy"", ""https://www.youtube.com/finalfantasy"", ""https://en.wikipedia.org/wiki/Final_Fantasy_(video_game)"", ""https://finalfantasy.fandom.com/wiki/Final_Fantasy_Pixel_Remaster"", ""https://apps.apple.com/us/app-bundle/final-fantasy-i-vi-bundle/id1633610868""]","[209895, 209894, 250634]",,,co6nzk,3,2026-04-24 07:47:58.921779+00,0,f
157865,Regions of Ruin: Runegate,regions-of-ruin-runegate--1,"Explore a rich and unique open world in this Adventure RPG. Uncover lost dwarven ruins, build a new society and re-establish dwarven kind.","",,,2026-04-14 00:00:00+00,[],"",[],[],[],[398304],"[243104, 243105, 1411885, 1411886, 1411887, 1516611]",,0,95,1,95,1,0,6,[1],[],"[1, 17]","[25, 31, 32]",[],[],"[""scblgq"", ""scblgr"", ""scblgs"", ""scblgt"", ""scblgu""]","[""Z-VY4JdsVao"", ""MBYCjEtJlDQ"", ""WYHnDRYMYF8""]","[""https://store.steampowered.com/app/1375750"", ""https://www.instagram.com/regionsofruin/"", ""https://www.facebook.com/profile.php?id=61576874065404"", ""https://bsky.app/profile/regionsofruin.bsky.social"", ""https://x.com/Gameclaw_Studio"", ""https://www.youtube.com/channel/UCyhoVIJ8BMIWRBBM-TDCU7w/"", ""http://www.gameclaw.io"", ""https://www.gog.com/game/regions_of_ruin_runegate"", ""https://www.twitch.tv/directory/category/regions-of-ruin-2""]","[381367, 381368]",,,co9wq1,0,2026-04-24 07:47:58.923525+00,0,f
151303,Henchman Story,henchman-story,"A visual novel where you play as a beleaguered henchman working for a bumbling supervillain, and a slice of superhero satire packed with colorful characters and meaningful choices. Even henchmen have bills to pay, and sometimes, even henchmen can make choices that change everything.","Henchman Story is a narrative adventure where you play as a beleaguered henchman working for a bumbling supervillain.

It’s thankless work. Week in and week out, you put on your purple spandex and get the crap beaten out of you by much stronger, much cooler people wearing much fancier spandex. But the checks clear, and Lord Bedlam offers healthcare, so a job’s a job, right?

Even henchmen have bills to pay, and sometimes, even henchmen can make choices that change everything.",,,2021-10-14 00:00:00+00,[],"",[],[],[],[],"[139194, 139193, 376627]",,0,95,1,95,1,0,0,[1],"[1, 4]","[1, 27, 44]","[12, 13, 31, 32, 34]","[101, 218, 288, 1511, 1754, 2426, 2814, 3138, 3534, 3540, 17268, 24938]",[],"[""scacg7"", ""scacg3"", ""scacga"", ""scacgf"", ""scacgl""]","[""i32_QprdKFw"", ""-BIpeei6pDU"", ""87r55sxINiI""]","[""https://store.playstation.com/en-us/concept/10003755"", ""https://www.nintendo.com/games/detail/henchman-story-switch/"", ""https://twitter.com/SilkenSail"", ""http://www.silkensail.com/"", ""https://store.steampowered.com/app/1449510"", ""https://silkensail.itch.io/henchman-story"", ""https://www.youtube.com/c/SilkenSailEntertainment"", ""https://www.epicgames.com/store/en-US/p/henchman-story-327af4"", ""https://discord.gg/invite/5cqzStSssA"", ""https://www.twitch.tv/directory/game/Henchman%20Story"", ""https://www.facebook.com/tophatstudiosEN/""]","[152527, 152528, 152529]",,,co4ar1,0,2026-04-24 07:47:58.926335+00,0,f
149250,Shindig,shindig--1,"Shindig is a short point-and-click adventure that celebrates the low-key heroism of helping. Explore a cosy hand-drawn world, solve the boggles of your animal friends, and bring the whole community together for a joyous party!","",,,2021-09-02 00:00:00+00,[],"",[],[],[],[],"[573507, 573505, 573506]",,0,95,1,95,1,0,0,[1],[],[],"[31, 32]",[],[],"[""sc9zma"", ""sc9zme"", ""sc9zmk"", ""sc9zmn"", ""sc9zmr""]",[],"[""https://www.imaginaryfriendsgames.com/"", ""https://store.steampowered.com/app/1475960/Shindig"", ""https://www.twitch.tv/directory/game/Shindig"", ""https://x.com/GamesFriendo""]",[],,,co3s6d,0,2026-04-24 07:47:58.928509+00,0,f
